claim_text,confidence,duplicate_candidate_id,fact_id,heuristic_reason,leakage_flag,object,predicate,priority_band,reviewed_at,reviewer_final_class,reviewer_id,reviewer_notes,reviewer_status,search_template_1,search_template_2,subject,suggested_claim_domain,suggested_source_route,suggested_temporal_class,final_temporal_class,final_claim_domain,final_source_route,final_priority_band,final_leakage_risk,next_action
"বাংলাদেশের মোট আয়তন ১,৪৭,৫৭০ বর্গ কিলোমিটার।",0.45,DUP_0f7aa2c2f4,BCSGK-0019,claim structure is incomplete,not_yet_checked,[],STATED_AS,P4,2026-09-16,duplicate_candidate,RA_1,automation identified a normalized subject-predicate-object collision; do not merge automatically,needs_second_review,"""Bangladesh"" """" ""STATED_AS"" pre-2023 official","""বাংলাদেশের মোট আয়তন ১,৪৭,৫৭০ বর্গ কিলোমিটার।"" manual review",['Bangladesh'],malformed,manual_review,needs_clarification,needs_clarification,duplicate_candidate,duplicate_resolution,P4,not_yet_checked,compare_duplicate_group_before_sourcing
Muhammad Yunus was appointed as the Chief Adviser of Bangladesh's interim government in August 2024.,0.45,,BCSGK-0025,manual claim-type review required,not_yet_checked,['Bangladesh'],STATED_AS,P4,2026-09-16,holdout_contaminated,RA_1,"claim explicitly refers to a post-2023 event, value, or source state",rejected,"""Muhammad Yunus"" ""Bangladesh"" ""STATED_AS"" pre-2023 official","""Muhammad Yunus was appointed as the Chief Adviser of Bangladesh's interim government in August 2024."" manual review",['Muhammad Yunus'],ambiguous,manual_review,needs_clarification,blocked,holdout_contaminated,none_holdout_excluded,P1,confirmed_holdout_leakage,exclude_from_2023_holdout
General Waker-Uz-Zaman was appointed as the Chief of Army Staff of Bangladesh in June 2024.,0.45,,BCSGK-0027,manual claim-type review required,not_yet_checked,['Bangladesh Army'],STATED_AS,P4,2026-09-16,holdout_contaminated,RA_1,"claim explicitly refers to a post-2023 event, value, or source state",rejected,"""Waker-Uz-Zaman"" ""Bangladesh Army"" ""STATED_AS"" pre-2023 official","""General Waker-Uz-Zaman was appointed as the Chief of Army Staff of Bangladesh in June 2024."" manual review",['Waker-Uz-Zaman'],ambiguous,manual_review,needs_clarification,blocked,holdout_contaminated,none_holdout_excluded,P1,confirmed_holdout_leakage,exclude_from_2023_holdout
Abdus Salam served as Bangladesh's first Foreign Secretary from 1971 to 1972.,0.45,,BCSGK-0028,manual claim-type review required,not_yet_checked,['Bangladesh'],STATED_AS,P4,2026-09-16,dynamic_officeholder,RA_1,office-holder or appointment claim requires valid_from/valid_to evidence,approved,"""Abdus Salam"" ""Bangladesh"" ""STATED_AS"" pre-2023 official","""Abdus Salam served as Bangladesh's first Foreign Secretary from 1971 to 1972."" manual review",['Abdus Salam'],ambiguous,manual_review,needs_clarification,dynamic,dynamic_officeholder,official_appointment_or_gazette,P2,pass,find_cutoff_covering_term_interval
"Bangladesh is the world's second-largest garment exporter after China, with RMG exports exceeding $40 billion in 2023.",0.45,,BCSGK-0032,manual claim-type review required,not_yet_checked,['China'],STATED_AS,P4,2026-09-16,dynamic_statistical,RA_1,"numeric, ranking, rate, or economic claim requires reference-period evidence",approved,"""Bangladesh"" ""China"" ""STATED_AS"" pre-2023 official","""Bangladesh is the world's second-largest garment exporter after China, with RMG exports exceeding $4"" manual review",['Bangladesh'],ambiguous,manual_review,needs_clarification,dynamic,dynamic_statistical,bbs_or_official_statistical_report,P2,pass,find_reference_period_and_pre_cutoff_report
"The official currency of Bangladesh is the Bangladeshi Taka (BDT), managed by Bangladesh Bank.",0.45,,BCSGK-0033,manual claim-type review required,not_yet_checked,['Bangladesh Bank'],STATED_AS,P4,2026-09-16,static_institutional,RA_1,institutional identity or historical establishment claim,approved,"""Bangladeshi Taka"" ""Bangladesh Bank"" ""STATED_AS"" pre-2023 official","""The official currency of Bangladesh is the Bangladeshi Taka (BDT), managed by Bangladesh Bank."" manual review",['Bangladeshi Taka'],ambiguous,manual_review,needs_clarification,static,static_institutional,official_institutional_history,P2,pass,find_pre_cutoff_official_history
"Bangladesh is the world's largest producer of jute, supplying over 33% of global jute output.",0.45,,BCSGK-0034,manual claim-type review required,not_yet_checked,['Jute'],STATED_AS,P4,2026-09-16,dynamic_statistical,RA_1,"numeric, ranking, rate, or economic claim requires reference-period evidence",approved,"""Bangladesh"" ""Jute"" ""STATED_AS"" pre-2023 official","""Bangladesh is the world's largest producer of jute, supplying over 33% of global jute output."" manual review",['Bangladesh'],ambiguous,manual_review,needs_clarification,dynamic,dynamic_statistical,bbs_or_official_statistical_report,P2,pass,find_reference_period_and_pre_cutoff_report
"Bangladesh's GDP was approximately $460 billion (PPP) in 2023, making it the 25th largest economy.",0.45,DUP_0f7aa2c2f4,BCSGK-0035,claim structure is incomplete,not_yet_checked,[],STATED_AS,P4,2026-09-16,duplicate_candidate,RA_1,automation identified a normalized subject-predicate-object collision; do not merge automatically,needs_second_review,"""Bangladesh"" """" ""STATED_AS"" pre-2023 official","""Bangladesh's GDP was approximately $460 billion (PPP) in 2023, making it the 25th largest economy."" manual review",['Bangladesh'],malformed,manual_review,needs_clarification,needs_clarification,duplicate_candidate,duplicate_resolution,P4,not_yet_checked,compare_duplicate_group_before_sourcing
Remittances from Bangladeshi diaspora workers exceeded $21 billion in 2023.,0.45,DUP_0f7aa2c2f4,BCSGK-0036,claim structure is incomplete,not_yet_checked,[],STATED_AS,P4,2026-09-16,duplicate_candidate,RA_1,automation identified a normalized subject-predicate-object collision; do not merge automatically,needs_second_review,"""Bangladesh"" """" ""STATED_AS"" pre-2023 official","""Remittances from Bangladeshi diaspora workers exceeded $21 billion in 2023."" manual review",['Bangladesh'],malformed,manual_review,needs_clarification,needs_clarification,duplicate_candidate,duplicate_resolution,P4,not_yet_checked,compare_duplicate_group_before_sourcing
"বাংলাদেশের প্রধান রপ্তানি পণ্য হলো তৈরি পোশাক, যা মোট রপ্তানি আয়ের ৮৪% এরও বেশি।",0.45,DUP_0f7aa2c2f4,BCSGK-0037,claim structure is incomplete,not_yet_checked,[],STATED_AS,P4,2026-09-16,duplicate_candidate,RA_1,automation identified a normalized subject-predicate-object collision; do not merge automatically,needs_second_review,"""Bangladesh"" """" ""STATED_AS"" pre-2023 official","""বাংলাদেশের প্রধান রপ্তানি পণ্য হলো তৈরি পোশাক, যা মোট রপ্তানি আয়ের ৮৪% এরও বেশি।"" manual review",['Bangladesh'],malformed,manual_review,needs_clarification,needs_clarification,duplicate_candidate,duplicate_resolution,P4,not_yet_checked,compare_duplicate_group_before_sourcing
Bangladesh achieved lower-middle income country status in 2015 according to World Bank classification.,0.45,,BCSGK-0039,manual claim-type review required,not_yet_checked,['World Bank'],STATED_AS,P4,2026-09-16,dynamic_statistical,RA_1,"numeric, ranking, rate, or economic claim requires reference-period evidence",approved,"""Bangladesh"" ""World Bank"" ""STATED_AS"" pre-2023 official","""Bangladesh achieved lower-middle income country status in 2015 according to World Bank classificatio"" manual review",['Bangladesh'],ambiguous,manual_review,needs_clarification,dynamic,dynamic_statistical,bbs_or_official_statistical_report,P2,pass,find_reference_period_and_pre_cutoff_report
Bangladesh has a literacy rate of approximately 74.66% as of the 2022 census.,0.45,DUP_0f7aa2c2f4,BCSGK-0059,claim structure is incomplete,not_yet_checked,[],STATED_AS,P4,2026-09-16,duplicate_candidate,RA_1,automation identified a normalized subject-predicate-object collision; do not merge automatically,needs_second_review,"""Bangladesh"" """" ""STATED_AS"" pre-2023 official","""Bangladesh has a literacy rate of approximately 74.66% as of the 2022 census."" manual review",['Bangladesh'],malformed,manual_review,needs_clarification,needs_clarification,duplicate_candidate,duplicate_resolution,P4,not_yet_checked,compare_duplicate_group_before_sourcing
বাংলাদেশ সরকারি কর্ম কমিশন (পিএসসি) বিসিএস পরীক্ষা পরিচালনা করে প্রজাতন্ত্রের কর্মকর্তা নিয়োগের জন্য।,0.45,,BCSGK-0061,manual claim-type review required,not_yet_checked,['Bangladesh'],STATED_AS,P4,2026-09-16,dynamic_officeholder,RA_1,office-holder or appointment claim requires valid_from/valid_to evidence,approved,"""Bangladesh Public Service Commission"" ""Bangladesh"" ""STATED_AS"" pre-2023 official","""বাংলাদেশ সরকারি কর্ম কমিশন (পিএসসি) বিসিএস পরীক্ষা পরিচালনা করে প্রজাতন্ত্রের কর্মকর্তা নিয়োগের জন্য"" manual review",['Bangladesh Public Service Commission'],ambiguous,manual_review,needs_clarification,dynamic,dynamic_officeholder,official_appointment_or_gazette,P2,pass,find_cutoff_covering_term_interval
The primary education completion rate in Bangladesh reached 98% by 2023.,0.45,DUP_0f7aa2c2f4,BCSGK-0064,claim structure is incomplete,not_yet_checked,[],STATED_AS,P4,2026-09-16,duplicate_candidate,RA_1,automation identified a normalized subject-predicate-object collision; do not merge automatically,needs_second_review,"""Bangladesh"" """" ""STATED_AS"" pre-2023 official","""The primary education completion rate in Bangladesh reached 98% by 2023."" manual review",['Bangladesh'],malformed,manual_review,needs_clarification,needs_clarification,duplicate_candidate,duplicate_resolution,P4,not_yet_checked,compare_duplicate_group_before_sourcing
"The Bangladesh Madrasah Education Board oversees over 9,000 madrasahs across the country.",0.45,,BCSGK-0065,manual claim-type review required,not_yet_checked,['Bangladesh'],STATED_AS,P4,2026-09-16,static_historical,RA_1,historical/event claim routed to pre-cutoff evidence review,approved,"""Madrasah Education Board"" ""Bangladesh"" ""STATED_AS"" pre-2023 official","""The Bangladesh Madrasah Education Board oversees over 9,000 madrasahs across the country."" manual review",['Madrasah Education Board'],ambiguous,manual_review,needs_clarification,static,static_historical,mediawiki_pre_cutoff_revision_or_official_history,P2,pass,find_pre_cutoff_claim_supporting_snapshot
"Bangladesh is one of the largest contributors to UN peacekeeping operations, with over 6,500 personnel deployed globally.",0.45,DUP_2a415fe466,BCSGK-0067,manual claim-type review required,not_yet_checked,['United Nations'],STATED_AS,P4,2026-09-16,duplicate_candidate,RA_1,automation identified a normalized subject-predicate-object collision; do not merge automatically,needs_second_review,"""Bangladesh"" ""United Nations"" ""STATED_AS"" pre-2023 official","""Bangladesh is one of the largest contributors to UN peacekeeping operations, with over 6,500 personn"" manual review",['Bangladesh'],ambiguous,manual_review,needs_clarification,needs_clarification,duplicate_candidate,duplicate_resolution,P4,not_yet_checked,compare_duplicate_group_before_sourcing
"বাংলাদেশ ওআইসি (ইসলামী সহযোগিতা সংস্থা)-এর সদস্য, যা ৫৭টি মুসলিম-সংখ্যাগরিষ্ঠ দেশের সংগঠন।",0.45,,BCSGK-0070,manual claim-type review required,not_yet_checked,['OIC'],STATED_AS,P4,2026-09-16,dynamic_award_or_membership,RA_1,"membership, award, or recognition claim needs dated official evidence",approved,"""Bangladesh"" ""OIC"" ""STATED_AS"" pre-2023 official","""বাংলাদেশ ওআইসি (ইসলামী সহযোগিতা সংস্থা)-এর সদস্য, যা ৫৭টি মুসলিম-সংখ্যাগরিষ্ঠ দেশের সংগঠন।"" manual review",['Bangladesh'],ambiguous,manual_review,needs_clarification,dynamic,dynamic_award_or_membership,official_award_or_membership_record,P3,pass,find_accession_award_or_recognition_date
The Ganges Water Treaty between Bangladesh and India was signed in 1996 for sharing Ganges waters at Farakka.,0.45,,BCSGK-0071,manual claim-type review required,not_yet_checked,"['Bangladesh', 'India']",STATED_AS,P4,2026-09-16,dynamic_policy_legal,RA_1,"legal, policy, treaty, or regulatory claim needs dated admissible evidence",approved,"""Ganges Water Treaty"" ""Bangladesh"" ""STATED_AS"" pre-2023 official","""The Ganges Water Treaty between Bangladesh and India was signed in 1996 for sharing Ganges waters at"" manual review",['Ganges Water Treaty'],ambiguous,manual_review,needs_clarification,dynamic,dynamic_policy_legal,legal_or_policy_document,P2,pass,find_effective_date_or_gazette
The Chittagong Hill Tracts Peace Accord was signed on 2 December 1997 between the government and the Parbatya Chattagram Jana Samhati Samiti.,0.45,,BCSGK-0073,manual claim-type review required,not_yet_checked,['Bangladesh'],STATED_AS,P4,2026-09-16,dynamic_policy_legal,RA_1,"legal, policy, treaty, or regulatory claim needs dated admissible evidence",approved,"""Chittagong Hill Tracts Peace Accord"" ""Bangladesh"" ""STATED_AS"" pre-2023 official","""The Chittagong Hill Tracts Peace Accord was signed on 2 December 1997 between the government and the"" manual review",['Chittagong Hill Tracts Peace Accord'],ambiguous,manual_review,needs_clarification,dynamic,dynamic_policy_legal,legal_or_policy_document,P2,pass,find_effective_date_or_gazette
"Bangabandhu-1, Bangladesh's first geostationary communications satellite, was launched on 12 May 2018 by SpaceX.",0.45,,BCSGK-0074,manual claim-type review required,not_yet_checked,['Bangladesh'],STATED_AS,P4,2026-09-16,static_historical,RA_1,historical/event claim routed to pre-cutoff evidence review,approved,"""Bangabandhu-1"" ""Bangladesh"" ""STATED_AS"" pre-2023 official","""Bangabandhu-1, Bangladesh's first geostationary communications satellite, was launched on 12 May 201"" manual review",['Bangabandhu-1'],ambiguous,manual_review,needs_clarification,static,static_historical,mediawiki_pre_cutoff_revision_or_official_history,P2,pass,find_pre_cutoff_claim_supporting_snapshot
বাংলাদেশে ইন্টারনেট ব্যবহারকারীর সংখ্যা ২০২৩ সালে ১৩ কোটি ছাড়িয়ে গেছে।,0.45,DUP_0f7aa2c2f4,BCSGK-0077,claim structure is incomplete,not_yet_checked,[],STATED_AS,P4,2026-09-16,duplicate_candidate,RA_1,automation identified a normalized subject-predicate-object collision; do not merge automatically,needs_second_review,"""Bangladesh"" """" ""STATED_AS"" pre-2023 official","""বাংলাদেশে ইন্টারনেট ব্যবহারকারীর সংখ্যা ২০২৩ সালে ১৩ কোটি ছাড়িয়ে গেছে।"" manual review",['Bangladesh'],malformed,manual_review,needs_clarification,needs_clarification,duplicate_candidate,duplicate_resolution,P4,not_yet_checked,compare_duplicate_group_before_sourcing
Bangladesh's submarine cable connection to the SEA-ME-WE 4 network provides international internet bandwidth since 2006.,0.45,,BCSGK-0078,manual claim-type review required,not_yet_checked,['Bangladesh'],STATED_AS,P4,2026-09-16,static_historical,RA_1,historical/event claim routed to pre-cutoff evidence review,approved,"""SEA-ME-WE 4"" ""Bangladesh"" ""STATED_AS"" pre-2023 official","""Bangladesh's submarine cable connection to the SEA-ME-WE 4 network provides international internet b"" manual review",['SEA-ME-WE 4'],ambiguous,manual_review,needs_clarification,static,static_historical,mediawiki_pre_cutoff_revision_or_official_history,P2,pass,find_pre_cutoff_claim_supporting_snapshot
"Dr. Maksudul Alam led the team that sequenced the genome of jute in 2010, a first for Bangladesh.",0.45,,BCSGK-0079,manual claim-type review required,not_yet_checked,['Bangladesh'],STATED_AS,P4,2026-09-16,static_historical,RA_1,historical/event claim routed to pre-cutoff evidence review,approved,"""Maksudul Alam"" ""Bangladesh"" ""STATED_AS"" pre-2023 official","""Dr. Maksudul Alam led the team that sequenced the genome of jute in 2010, a first for Bangladesh."" manual review",['Maksudul Alam'],ambiguous,manual_review,needs_clarification,static,static_historical,mediawiki_pre_cutoff_revision_or_official_history,P2,pass,find_pre_cutoff_claim_supporting_snapshot
Shakib Al Hasan is the highest wicket-taker for Bangladesh in international cricket with over 700 wickets across formats.,0.45,,BCSGK-0081,manual claim-type review required,not_yet_checked,['Bangladesh'],STATED_AS,P4,2026-09-16,static_historical,RA_1,historical/event claim routed to pre-cutoff evidence review,approved,"""Shakib Al Hasan"" ""Bangladesh"" ""STATED_AS"" pre-2023 official","""Shakib Al Hasan is the highest wicket-taker for Bangladesh in international cricket with over 700 wi"" manual review",['Shakib Al Hasan'],ambiguous,manual_review,needs_clarification,static,static_historical,mediawiki_pre_cutoff_revision_or_official_history,P2,pass,find_pre_cutoff_claim_supporting_snapshot
Kabaddi is the national sport of Bangladesh.,0.45,,BCSGK-0083,manual claim-type review required,not_yet_checked,['Bangladesh'],STATED_AS,P4,2026-09-16,static_geographic,RA_1,geographic claim can be routed to pre-cutoff snapshot evidence,approved,"""Kabaddi"" ""Bangladesh"" ""STATED_AS"" pre-2023 official","""Kabaddi is the national sport of Bangladesh."" manual review",['Kabaddi'],ambiguous,manual_review,needs_clarification,static,static_geographic,mediawiki_pre_cutoff_revision_or_official_geography,P1,pass,find_pre_cutoff_claim_supporting_snapshot
বাংলাদেশের জাতীয় ক্রিকেট দলের প্রথম টেস্ট ম্যাচ ছিল ভারতের বিরুদ্ধে ২০০০ সালের নভেম্বরে।,0.45,,BCSGK-0084,manual claim-type review required,not_yet_checked,['India'],STATED_AS,P4,2026-09-16,static_historical,RA_1,historical/event claim routed to pre-cutoff evidence review,approved,"""Bangladesh"" ""India"" ""STATED_AS"" pre-2023 official","""বাংলাদেশের জাতীয় ক্রিকেট দলের প্রথম টেস্ট ম্যাচ ছিল ভারতের বিরুদ্ধে ২০০০ সালের নভেম্বরে।"" manual review",['Bangladesh'],ambiguous,manual_review,needs_clarification,static,static_historical,mediawiki_pre_cutoff_revision_or_official_history,P2,pass,find_pre_cutoff_claim_supporting_snapshot
Grameenphone Dhaka Premier League and the Bangladesh Premier League are the top domestic cricket tournaments.,0.45,,BCSGK-0085,manual claim-type review required,not_yet_checked,['Bangladesh'],STATED_AS,P4,2026-09-16,static_historical,RA_1,historical/event claim routed to pre-cutoff evidence review,approved,"""Dhaka Premier League"" ""Bangladesh"" ""STATED_AS"" pre-2023 official","""Grameenphone Dhaka Premier League and the Bangladesh Premier League are the top domestic cricket tou"" manual review",['Dhaka Premier League'],ambiguous,manual_review,needs_clarification,static,static_historical,mediawiki_pre_cutoff_revision_or_official_history,P2,pass,find_pre_cutoff_claim_supporting_snapshot
"The Dhaka Metro Rail (MRT Line-6), Bangladesh's first metro system, began commercial operations on 28 December 2022.",0.45,,BCSGK-0087,manual claim-type review required,not_yet_checked,['Dhaka'],STATED_AS,P4,2026-09-16,static_historical,RA_1,historical/event claim routed to pre-cutoff evidence review,approved,"""Dhaka Metro Rail"" ""Dhaka"" ""STATED_AS"" pre-2023 official","""The Dhaka Metro Rail (MRT Line-6), Bangladesh's first metro system, began commercial operations on 2"" manual review",['Dhaka Metro Rail'],ambiguous,manual_review,needs_clarification,static,static_historical,mediawiki_pre_cutoff_revision_or_official_history,P2,pass,find_pre_cutoff_claim_supporting_snapshot
"Hazrat Shahjalal International Airport in Dhaka is the busiest airport in Bangladesh, handling over 8 million passengers annually.",0.45,,BCSGK-0088,manual claim-type review required,not_yet_checked,['Dhaka'],STATED_AS,P4,2026-09-16,dynamic_statistical,RA_1,"numeric, ranking, rate, or economic claim requires reference-period evidence",approved,"""Hazrat Shahjalal International Airport"" ""Dhaka"" ""STATED_AS"" pre-2023 official","""Hazrat Shahjalal International Airport in Dhaka is the busiest airport in Bangladesh, handling over "" manual review",['Hazrat Shahjalal International Airport'],ambiguous,manual_review,needs_clarification,dynamic,dynamic_statistical,bbs_or_official_statistical_report,P2,pass,find_reference_period_and_pre_cutoff_report
"বাংলাদেশ রেলওয়ে ২,৯৫৬ কিলোমিটার রেলপথ পরিচালনা করে, যার মধ্যে ব্রড গেজ ও মিটার গেজ উভয়ই রয়েছে।",0.45,,BCSGK-0089,manual claim-type review required,not_yet_checked,['Bangladesh'],STATED_AS,P4,2026-09-16,static_historical,RA_1,historical/event claim routed to pre-cutoff evidence review,approved,"""Bangladesh Railway"" ""Bangladesh"" ""STATED_AS"" pre-2023 official","""বাংলাদেশ রেলওয়ে ২,৯৫৬ কিলোমিটার রেলপথ পরিচালনা করে, যার মধ্যে ব্রড গেজ ও মিটার গেজ উভয়ই রয়েছে।"" manual review",['Bangladesh Railway'],ambiguous,manual_review,needs_clarification,static,static_historical,mediawiki_pre_cutoff_revision_or_official_history,P2,pass,find_pre_cutoff_claim_supporting_snapshot
"The Karnaphuli Tunnel under the Karnaphuli River in Chattogram is the first underwater tunnel in South Asia, completed in 2023.",0.45,,BCSGK-0090,manual claim-type review required,not_yet_checked,['Chattogram'],STATED_AS,P4,2026-09-16,static_geographic,RA_1,geographic claim can be routed to pre-cutoff snapshot evidence,approved,"""Karnaphuli Tunnel"" ""Chattogram"" ""STATED_AS"" pre-2023 official","""The Karnaphuli Tunnel under the Karnaphuli River in Chattogram is the first underwater tunnel in Sou"" manual review",['Karnaphuli Tunnel'],ambiguous,manual_review,needs_clarification,static,static_geographic,mediawiki_pre_cutoff_revision_or_official_geography,P1,pass,find_pre_cutoff_claim_supporting_snapshot
"Mongla Port, located in Bagerhat district, is the second largest seaport of Bangladesh.",0.82,,BCSGK-0091,geographic claim can use a pre-cutoff snapshot,not_yet_checked,['Bagerhat'],located_in,P1,2026-09-16,dynamic_statistical,RA_1,"numeric, ranking, rate, or economic claim requires reference-period evidence",approved,"""Mongla Port"" ""Bagerhat"" ""located_in"" pre-2023 official","""Mongla Port, located in Bagerhat district, is the second largest seaport of Bangladesh."" mediawiki pre cutoff revision or official geography",['Mongla Port'],static_geographic,mediawiki_pre_cutoff_revision_or_official_geography,static,dynamic,dynamic_statistical,bbs_or_official_statistical_report,P2,pass,find_reference_period_and_pre_cutoff_report
"Bangladesh is the 8th most populous country in the world, with a population exceeding 170 million as of 2023.",0.45,DUP_0f7aa2c2f4,BCSGK-0092,claim structure is incomplete,not_yet_checked,[],STATED_AS,P4,2026-09-16,duplicate_candidate,RA_1,automation identified a normalized subject-predicate-object collision; do not merge automatically,needs_second_review,"""Bangladesh"" """" ""STATED_AS"" pre-2023 official","""Bangladesh is the 8th most populous country in the world, with a population exceeding 170 million as"" manual review",['Bangladesh'],malformed,manual_review,needs_clarification,needs_clarification,duplicate_candidate,duplicate_resolution,P4,not_yet_checked,compare_duplicate_group_before_sourcing
"Bangladesh has a population density of approximately 1,265 people per square kilometer, one of the highest in the world.",0.45,DUP_0f7aa2c2f4,BCSGK-0093,claim structure is incomplete,not_yet_checked,[],STATED_AS,P4,2026-09-16,duplicate_candidate,RA_1,automation identified a normalized subject-predicate-object collision; do not merge automatically,needs_second_review,"""Bangladesh"" """" ""STATED_AS"" pre-2023 official","""Bangladesh has a population density of approximately 1,265 people per square kilometer, one of the h"" manual review",['Bangladesh'],malformed,manual_review,needs_clarification,needs_clarification,duplicate_candidate,duplicate_resolution,P4,not_yet_checked,compare_duplicate_group_before_sourcing
"Bangladesh is home to the largest refugee settlement in the world at Kutupalong, housing over 1 million Rohingya refugees from Myanmar.",0.45,,BCSGK-0095,manual claim-type review required,not_yet_checked,"['Bangladesh', 'Myanmar']",STATED_AS,P4,2026-09-16,dynamic_statistical,RA_1,"numeric, ranking, rate, or economic claim requires reference-period evidence",approved,"""Kutupalong"" ""Bangladesh"" ""STATED_AS"" pre-2023 official","""Bangladesh is home to the largest refugee settlement in the world at Kutupalong, housing over 1 mill"" manual review",['Kutupalong'],ambiguous,manual_review,needs_clarification,dynamic,dynamic_statistical,bbs_or_official_statistical_report,P2,pass,find_reference_period_and_pre_cutoff_report
বাংলাদেশের গড় আয়ু ২০২৩ সালে ৭২.৩ বছর।,0.45,DUP_0f7aa2c2f4,BCSGK-0096,claim structure is incomplete,not_yet_checked,[],STATED_AS,P4,2026-09-16,duplicate_candidate,RA_1,automation identified a normalized subject-predicate-object collision; do not merge automatically,needs_second_review,"""Bangladesh"" """" ""STATED_AS"" pre-2023 official","""বাংলাদেশের গড় আয়ু ২০২৩ সালে ৭২.৩ বছর।"" manual review",['Bangladesh'],malformed,manual_review,needs_clarification,needs_clarification,duplicate_candidate,duplicate_resolution,P4,not_yet_checked,compare_duplicate_group_before_sourcing
"The Bangladesh Armed Forces consist of three branches: the Bangladesh Army, the Bangladesh Navy, and the Bangladesh Air Force.",0.45,,BCSGK-0106,manual claim-type review required,not_yet_checked,['Bangladesh'],STATED_AS,P4,2026-09-16,static_historical,RA_1,historical/event claim routed to pre-cutoff evidence review,approved,"""Bangladesh Armed Forces"" ""Bangladesh"" ""STATED_AS"" pre-2023 official","""The Bangladesh Armed Forces consist of three branches: the Bangladesh Army, the Bangladesh Navy, and"" manual review",['Bangladesh Armed Forces'],ambiguous,manual_review,needs_clarification,static,static_historical,mediawiki_pre_cutoff_revision_or_official_history,P2,pass,find_pre_cutoff_claim_supporting_snapshot
"Bangladesh Armed Forces Day is observed on 21 November, commemorating the 1971 Liberation War.",0.45,,BCSGK-0107,manual claim-type review required,not_yet_checked,['Bangladesh'],STATED_AS,P4,2026-09-16,static_historical,RA_1,historical/event claim routed to pre-cutoff evidence review,approved,"""Armed Forces Day"" ""Bangladesh"" ""STATED_AS"" pre-2023 official","""Bangladesh Armed Forces Day is observed on 21 November, commemorating the 1971 Liberation War."" manual review",['Armed Forces Day'],ambiguous,manual_review,needs_clarification,static,static_historical,mediawiki_pre_cutoff_revision_or_official_history,P2,pass,find_pre_cutoff_claim_supporting_snapshot
"BNS Bangabandhu is the flagship of the Bangladesh Navy, a guided missile frigate commissioned in 2001.",0.45,,BCSGK-0108,manual claim-type review required,not_yet_checked,['Bangladesh'],STATED_AS,P4,2026-09-16,static_historical,RA_1,historical/event claim routed to pre-cutoff evidence review,approved,"""BNS Bangabandhu"" ""Bangladesh"" ""STATED_AS"" pre-2023 official","""BNS Bangabandhu is the flagship of the Bangladesh Navy, a guided missile frigate commissioned in 200"" manual review",['BNS Bangabandhu'],ambiguous,manual_review,needs_clarification,static,static_historical,mediawiki_pre_cutoff_revision_or_official_history,P2,pass,find_pre_cutoff_claim_supporting_snapshot
"The Bangladesh Military Academy is located in Bhatiari, Chattogram.",0.82,,BCSGK-0109,geographic claim can use a pre-cutoff snapshot,not_yet_checked,['Chattogram'],located_in,P1,2026-09-16,static_geographic,RA_1,geographic claim can be routed to pre-cutoff snapshot evidence,approved,"""Bangladesh Military Academy"" ""Chattogram"" ""located_in"" pre-2023 official","""The Bangladesh Military Academy is located in Bhatiari, Chattogram."" mediawiki pre cutoff revision or official geography",['Bangladesh Military Academy'],static_geographic,mediawiki_pre_cutoff_revision_or_official_geography,static,static,static_geographic,mediawiki_pre_cutoff_revision_or_official_geography,P1,pass,find_pre_cutoff_claim_supporting_snapshot
"Bangladesh has a tropical monsoon climate, with an average annual rainfall of 2,300 mm.",0.45,DUP_0f7aa2c2f4,BCSGK-0110,claim structure is incomplete,not_yet_checked,[],STATED_AS,P4,2026-09-16,duplicate_candidate,RA_1,automation identified a normalized subject-predicate-object collision; do not merge automatically,needs_second_review,"""Bangladesh"" """" ""STATED_AS"" pre-2023 official","""Bangladesh has a tropical monsoon climate, with an average annual rainfall of 2,300 mm."" manual review",['Bangladesh'],malformed,manual_review,needs_clarification,needs_clarification,duplicate_candidate,duplicate_resolution,P4,not_yet_checked,compare_duplicate_group_before_sourcing
"Sylhet receives the highest rainfall in Bangladesh, averaging over 4,000 mm annually.",0.45,,BCSGK-0111,manual claim-type review required,not_yet_checked,['Bangladesh'],STATED_AS,P4,2026-09-16,dynamic_statistical,RA_1,"numeric, ranking, rate, or economic claim requires reference-period evidence",approved,"""Sylhet"" ""Bangladesh"" ""STATED_AS"" pre-2023 official","""Sylhet receives the highest rainfall in Bangladesh, averaging over 4,000 mm annually."" manual review",['Sylhet'],ambiguous,manual_review,needs_clarification,dynamic,dynamic_statistical,bbs_or_official_statistical_report,P2,pass,find_reference_period_and_pre_cutoff_report
"Bangladesh is one of the most climate-vulnerable countries, with about 17% of its land area expected to be inundated by a 1-meter sea level rise.",0.45,DUP_0f7aa2c2f4,BCSGK-0112,claim structure is incomplete,not_yet_checked,[],STATED_AS,P4,2026-09-16,duplicate_candidate,RA_1,automation identified a normalized subject-predicate-object collision; do not merge automatically,needs_second_review,"""Bangladesh"" """" ""STATED_AS"" pre-2023 official","""Bangladesh is one of the most climate-vulnerable countries, with about 17% of its land area expected"" manual review",['Bangladesh'],malformed,manual_review,needs_clarification,needs_clarification,duplicate_candidate,duplicate_resolution,P4,not_yet_checked,compare_duplicate_group_before_sourcing
Bangladesh is scheduled to graduate from Least Developed Country (LDC) status by 2026.,0.45,DUP_2a415fe466,BCSGK-0113,manual claim-type review required,not_yet_checked,['United Nations'],STATED_AS,P4,2026-09-16,holdout_contaminated,RA_1,"claim explicitly refers to a post-2023 event, value, or source state",rejected,"""Bangladesh"" ""United Nations"" ""STATED_AS"" pre-2023 official","""Bangladesh is scheduled to graduate from Least Developed Country (LDC) status by 2026."" manual review",['Bangladesh'],ambiguous,manual_review,needs_clarification,blocked,holdout_contaminated,none_holdout_excluded,P1,confirmed_holdout_leakage,exclude_from_2023_holdout
The student-led mass uprising in July-August 2024 led to the fall of Sheikh Hasina's government.,0.45,,BCSGK-0114,manual claim-type review required,not_yet_checked,['Bangladesh'],STATED_AS,P4,2026-09-16,holdout_contaminated,RA_1,"claim explicitly refers to a post-2023 event, value, or source state",rejected,"""Sheikh Hasina"" ""Bangladesh"" ""STATED_AS"" pre-2023 official","""The student-led mass uprising in July-August 2024 led to the fall of Sheikh Hasina's government."" manual review",['Sheikh Hasina'],ambiguous,manual_review,needs_clarification,blocked,holdout_contaminated,none_holdout_excluded,P1,confirmed_holdout_leakage,exclude_from_2023_holdout
"Bangladesh experienced severe floods in 2024, displacing over 5 million people across multiple districts.",0.45,DUP_0f7aa2c2f4,BCSGK-0115,claim structure is incomplete,not_yet_checked,[],STATED_AS,P4,2026-09-16,holdout_contaminated,RA_1,"claim explicitly refers to a post-2023 event, value, or source state",rejected,"""Bangladesh"" """" ""STATED_AS"" pre-2023 official","""Bangladesh experienced severe floods in 2024, displacing over 5 million people across multiple distr"" manual review",['Bangladesh'],malformed,manual_review,needs_clarification,blocked,holdout_contaminated,none_holdout_excluded,P1,confirmed_holdout_leakage,exclude_from_2023_holdout
বাংলাদেশ ২০২৪ সালে জাতিসংঘ মানবাধিকার পরিষদের সদস্য নির্বাচিত হয়।,0.45,,BCSGK-0116,manual claim-type review required,not_yet_checked,['UN Human Rights Council'],STATED_AS,P4,2026-09-16,dynamic_award_or_membership,RA_1,"membership, award, or recognition claim needs dated official evidence",approved,"""Bangladesh"" ""UN Human Rights Council"" ""STATED_AS"" pre-2023 official","""বাংলাদেশ ২০২৪ সালে জাতিসংঘ মানবাধিকার পরিষদের সদস্য নির্বাচিত হয়।"" manual review",['Bangladesh'],ambiguous,manual_review,needs_clarification,dynamic,dynamic_award_or_membership,official_award_or_membership_record,P3,pass,find_accession_award_or_recognition_date
"The Padma Bridge is the longest bridge in Bangladesh, spanning 6.15 kilometers.",0.45,,BCSGK-0120,manual claim-type review required,not_yet_checked,['Bangladesh'],STATED_AS,P4,2026-09-16,static_geographic,RA_1,geographic claim can be routed to pre-cutoff snapshot evidence,approved,"""Padma Bridge"" ""Bangladesh"" ""STATED_AS"" pre-2023 official","""The Padma Bridge is the longest bridge in Bangladesh, spanning 6.15 kilometers."" manual review",['Padma Bridge'],ambiguous,manual_review,needs_clarification,static,static_geographic,mediawiki_pre_cutoff_revision_or_official_geography,P1,pass,find_pre_cutoff_claim_supporting_snapshot
something about the rivers maybe,0.45,,BCSGK-0123,claim structure is incomplete,not_yet_checked,[],STATED_AS,P4,2026-09-16,malformed,RA_1,claim is too vague or incomplete for reproducible source matching,rejected,""""" """" ""STATED_AS"" pre-2023 official","""something about the rivers maybe"" manual review",[],malformed,manual_review,needs_clarification,blocked,malformed,manual_claim_rewrite,P4,not_yet_checked,rewrite_or_remove_claim
"পাট, চা, চামড়ার মতো স্থানীয় কাঁচামাল-নির্ভর পণ্য রপ্তানী বহুমুখীকরণে সবচেয়ে বেশি সম্ভাবনাময়। বাংলাদেশের গবেষকরা পাটতন্তু দিয়ে সুতা তৈরির পদ্ধতি উদ্ভাবন করেছেন, যা পোশাক শিল্পের কাঁচামাল হিসেবে ব্যবহৃত হতে পারে।",0.82,,BCSGK-0286,geographic claim can use a pre-cutoff snapshot,not_yet_checked,['পাট'],cultivated_in,P1,2026-09-16,static_historical,RA_1,historical/event claim routed to pre-cutoff evidence review,approved,"""শস্য উৎপাদন ও বহুমুখীকরণ"" ""পাট"" ""cultivated_in"" pre-2023 official","""পাট, চা, চামড়ার মতো স্থানীয় কাঁচামাল-নির্ভর পণ্য রপ্তানী বহুমুখীকরণে সবচেয়ে বেশি সম্ভাবনাময়। বাং"" mediawiki pre cutoff revision or official geography",['শস্য উৎপাদন ও বহুমুখীকরণ'],static_geographic,mediawiki_pre_cutoff_revision_or_official_geography,static,static,static_historical,mediawiki_pre_cutoff_revision_or_official_history,P2,pass,find_pre_cutoff_claim_supporting_snapshot
"স্বাধীনতার পর থেকে বাংলাদেশের ধানের উৎপাদন তিন গুণেরও বেশি, গম দ্বিগুণ, সবজি পাঁচ গুণ এবং ভুট্টার উৎপাদন বেড়েছে ১০ গুণ।",0.82,,BCSGK-0288,geographic claim can use a pre-cutoff snapshot,not_yet_checked,['ভুট্টা'],cultivated_in,P1,2026-09-16,static_historical,RA_1,historical/event claim routed to pre-cutoff evidence review,approved,"""শস্য উৎপাদন ও বহুমুখীকরণ"" ""ভুট্টা"" ""cultivated_in"" pre-2023 official","""স্বাধীনতার পর থেকে বাংলাদেশের ধানের উৎপাদন তিন গুণেরও বেশি, গম দ্বিগুণ, সবজি পাঁচ গুণ এবং ভুট্টার উৎ"" mediawiki pre cutoff revision or official geography",['শস্য উৎপাদন ও বহুমুখীকরণ'],static_geographic,mediawiki_pre_cutoff_revision_or_official_geography,static,static,static_historical,mediawiki_pre_cutoff_revision_or_official_history,P2,pass,find_pre_cutoff_claim_supporting_snapshot
"১৯৬০ সালে পূর্ব পাকিস্তানে প্রথম কৃষিশুমারি অনুষ্ঠিত হয়। স্বাধীন বাংলাদেশে এ পর্যন্ত ৫টি কৃষিশুমারি অনুষ্ঠিত হয়েছে: ১৯৭৭, ১৯৮৩-৮৪, ১৯৯৬, ২০০৮ ও ২০১৯ সালে।",0.82,,BCSGK-0289,geographic claim can use a pre-cutoff snapshot,not_yet_checked,['২০১৫'],cultivated_in,P1,2026-09-16,static_historical,RA_1,historical/event claim routed to pre-cutoff evidence review,approved,"""শস্য উৎপাদন ও বহুমুখীকরণ"" ""২০১৫"" ""cultivated_in"" pre-2023 official","""১৯৬০ সালে পূর্ব পাকিস্তানে প্রথম কৃষিশুমারি অনুষ্ঠিত হয়। স্বাধীন বাংলাদেশে এ পর্যন্ত ৫টি কৃষিশুমারি"" mediawiki pre cutoff revision or official geography",['শস্য উৎপাদন ও বহুমুখীকরণ'],static_geographic,mediawiki_pre_cutoff_revision_or_official_geography,static,static,static_historical,mediawiki_pre_cutoff_revision_or_official_history,P2,pass,find_pre_cutoff_claim_supporting_snapshot
"কৃষি পরিসংখ্যান বর্ষগ্রন্থ, ২০২৪ অনুযায়ী, বাংলাদেশে সবচেয়ে বেশি পাট উৎপন্ন হয় ফরিদপুর জেলায়।",0.82,,BCSGK-0290,geographic claim can use a pre-cutoff snapshot,not_yet_checked,['ফরিদপুর'],cultivated_in,P1,2026-09-16,static_geographic,RA_1,geographic claim can be routed to pre-cutoff snapshot evidence,approved,"""শস্য উৎপাদন ও বহুমুখীকরণ"" ""ফরিদপুর"" ""cultivated_in"" pre-2023 official","""কৃষি পরিসংখ্যান বর্ষগ্রন্থ, ২০২৪ অনুযায়ী, বাংলাদেশে সবচেয়ে বেশি পাট উৎপন্ন হয় ফরিদপুর জেলায়।"" mediawiki pre cutoff revision or official geography",['শস্য উৎপাদন ও বহুমুখীকরণ'],static_geographic,mediawiki_pre_cutoff_revision_or_official_geography,static,static,static_geographic,mediawiki_pre_cutoff_revision_or_official_geography,P1,pass,find_pre_cutoff_claim_supporting_snapshot
বাংলাদেশের অর্থনৈতিক সেক্টরগুলোর মধ্যে কৃষি খাতে সবচেয়ে বেশি কর্মসংস্থান হয়।,0.82,,BCSGK-0292,geographic claim can use a pre-cutoff snapshot,not_yet_checked,['কৃষি খাত'],cultivated_in,P1,2026-09-16,static_historical,RA_1,historical/event claim routed to pre-cutoff evidence review,approved,"""শস্য উৎপাদন ও বহুমুখীকরণ"" ""কৃষি খাত"" ""cultivated_in"" pre-2023 official","""বাংলাদেশের অর্থনৈতিক সেক্টরগুলোর মধ্যে কৃষি খাতে সবচেয়ে বেশি কর্মসংস্থান হয়।"" mediawiki pre cutoff revision or official geography",['শস্য উৎপাদন ও বহুমুখীকরণ'],static_geographic,mediawiki_pre_cutoff_revision_or_official_geography,static,static,static_historical,mediawiki_pre_cutoff_revision_or_official_history,P2,pass,find_pre_cutoff_claim_supporting_snapshot
বাংলাদেশের উৎপাদিত কৃষিপণ্যের মধ্যে ধানের পরিমাণ সবচেয়ে বেশি এবং উৎপাদিত ধান নিজেদের খাদ্যের চাহিদা মেটানোর জন্য ব্যবহৃত হয়। তাই বাংলাদেশের কৃষি ধান-প্রধান নিবিড় স্বয়ংভোগী।,0.82,,BCSGK-0294,geographic claim can use a pre-cutoff snapshot,not_yet_checked,['ধান-প্রধান নিবিড় স্বয়ংভোগী'],cultivated_in,P1,2026-09-16,static_historical,RA_1,historical/event claim routed to pre-cutoff evidence review,approved,"""শস্য উৎপাদন ও বহুমুখীকরণ"" ""ধান-প্রধান নিবিড় স্বয়ংভোগী"" ""cultivated_in"" pre-2023 official","""বাংলাদেশের উৎপাদিত কৃষিপণ্যের মধ্যে ধানের পরিমাণ সবচেয়ে বেশি এবং উৎপাদিত ধান নিজেদের খাদ্যের চাহিদা"" mediawiki pre cutoff revision or official geography",['শস্য উৎপাদন ও বহুমুখীকরণ'],static_geographic,mediawiki_pre_cutoff_revision_or_official_geography,static,static,static_historical,mediawiki_pre_cutoff_revision_or_official_history,P2,pass,find_pre_cutoff_claim_supporting_snapshot
"বাংলাদেশের উচ্চফলনশীল (উফশী) জাতের কয়েকটি ধানের নাম: হীরা, ময়না, সোনার বাংলা, ইরি, ইরাটম, বিশাইল, মালাইরি, বাংলামতি ইত্যাদি। উচ্চফলনশীল কয়েকটি গমের নাম: বলাকা, দোয়েল শতাব্দী, আনন্দ ইত্যাদি।",0.82,,BCSGK-0295,geographic claim can use a pre-cutoff snapshot,not_yet_checked,"['বি-শাইল, বলাকা']",cultivated_in,P1,2026-09-16,static_historical,RA_1,historical/event claim routed to pre-cutoff evidence review,approved,"""বিভিন্ন ফসলের উন্নত জাতসমূহ ও কৃষি মৌসুম"" ""বি-শাইল, বলাকা"" ""cultivated_in"" pre-2023 official","""বাংলাদেশের উচ্চফলনশীল (উফশী) জাতের কয়েকটি ধানের নাম: হীরা, ময়না, সোনার বাংলা, ইরি, ইরাটম, বিশাইল, "" mediawiki pre cutoff revision or official geography",['বিভিন্ন ফসলের উন্নত জাতসমূহ ও কৃষি মৌসুম'],static_geographic,mediawiki_pre_cutoff_revision_or_official_geography,static,static,static_historical,mediawiki_pre_cutoff_revision_or_official_history,P2,pass,find_pre_cutoff_claim_supporting_snapshot
"বাংলামতি, হীরা, ময়না, হরি, সোনার বাংলা, ইরাটম, বিশাইল, চাঁদিনাম, মালা, সুপার রাইস, মুক্তা, প্রগতি, আশা, বিপ্লব, দুলাভোগ, আলোক-৬২১০, নারিকা-১, সোনার বাংলা-১, মালাইরি ইত্যাদি উন্নত জাতের ধানের নাম।",0.82,,BCSGK-0296,geographic claim can use a pre-cutoff snapshot,not_yet_checked,['এক প্রকার ধান'],cultivated_in,P1,2026-09-16,static_historical,RA_1,historical/event claim routed to pre-cutoff evidence review,approved,"""বিভিন্ন ফসলের উন্নত জাতসমূহ ও কৃষি মৌসুম"" ""এক প্রকার ধান"" ""cultivated_in"" pre-2023 official","""বাংলামতি, হীরা, ময়না, হরি, সোনার বাংলা, ইরাটম, বিশাইল, চাঁদিনাম, মালা, সুপার রাইস, মুক্তা, প্রগতি, "" mediawiki pre cutoff revision or official geography",['বিভিন্ন ফসলের উন্নত জাতসমূহ ও কৃষি মৌসুম'],static_geographic,mediawiki_pre_cutoff_revision_or_official_geography,static,static,static_historical,mediawiki_pre_cutoff_revision_or_official_history,P2,pass,find_pre_cutoff_claim_supporting_snapshot
"বলাকা, দোয়েল, শতাব্দী, অগ্রণী, সোনালিকা, আনন্দ, আকবর, কাঞ্চন, বরকত, জোপাটিকা, ইনিয়া-৬৬, বিজয় ইত্যাদি গমের উন্নত জাত।",0.82,,BCSGK-0297,geographic claim can use a pre-cutoff snapshot,not_yet_checked,['গম'],cultivated_in,P1,2026-09-16,static_historical,RA_1,historical/event claim routed to pre-cutoff evidence review,approved,"""বিভিন্ন ফসলের উন্নত জাতসমূহ ও কৃষি মৌসুম"" ""গম"" ""cultivated_in"" pre-2023 official","""বলাকা, দোয়েল, শতাব্দী, অগ্রণী, সোনালিকা, আনন্দ, আকবর, কাঞ্চন, বরকত, জোপাটিকা, ইনিয়া-৬৬, বিজয় ইত্য"" mediawiki pre cutoff revision or official geography",['বিভিন্ন ফসলের উন্নত জাতসমূহ ও কৃষি মৌসুম'],static_geographic,mediawiki_pre_cutoff_revision_or_official_geography,static,static,static_historical,mediawiki_pre_cutoff_revision_or_official_history,P2,pass,find_pre_cutoff_claim_supporting_snapshot
"'ম্যানিলা' ও 'সুমাত্রা' তামাক এর উন্নতজাতের নাম। পদ্মা, মধুবালা তরমুজের উন্নত জাত। রূপালী, ডেলফাজ তুলার উন্নত জাত।",0.82,,BCSGK-0298,geographic claim can use a pre-cutoff snapshot,not_yet_checked,['তামাক'],cultivated_in,P1,2026-09-16,static_historical,RA_1,historical/event claim routed to pre-cutoff evidence review,approved,"""বিভিন্ন ফসলের উন্নত জাতসমূহ ও কৃষি মৌসুম"" ""তামাক"" ""cultivated_in"" pre-2023 official","""'ম্যানিলা' ও 'সুমাত্রা' তামাক এর উন্নতজাতের নাম। পদ্মা, মধুবালা তরমুজের উন্নত জাত। রূপালী, ডেলফাজ তু"" mediawiki pre cutoff revision or official geography",['বিভিন্ন ফসলের উন্নত জাতসমূহ ও কৃষি মৌসুম'],static_geographic,mediawiki_pre_cutoff_revision_or_official_geography,static,static,static_historical,mediawiki_pre_cutoff_revision_or_official_history,P2,pass,find_pre_cutoff_claim_supporting_snapshot
"কৃষি মৌসুম: রবি (কার্তিক-ফাল্গুন), খরিপ-১ (চৈত্র-জ্যৈষ্ঠ), খরিপ-২ (আষাঢ়-ভাদ্র), বারেমাসি (সারা বছর)।",0.82,,BCSGK-0299,geographic claim can use a pre-cutoff snapshot,not_yet_checked,['কার্তিক-ফাল্গুন'],cultivated_in,P1,2026-09-16,static_historical,RA_1,historical/event claim routed to pre-cutoff evidence review,approved,"""বিভিন্ন ফসলের উন্নত জাতসমূহ ও কৃষি মৌসুম"" ""কার্তিক-ফাল্গুন"" ""cultivated_in"" pre-2023 official","""কৃষি মৌসুম: রবি (কার্তিক-ফাল্গুন), খরিপ-১ (চৈত্র-জ্যৈষ্ঠ), খরিপ-২ (আষাঢ়-ভাদ্র), বারেমাসি (সারা বছর)"" mediawiki pre cutoff revision or official geography",['বিভিন্ন ফসলের উন্নত জাতসমূহ ও কৃষি মৌসুম'],static_geographic,mediawiki_pre_cutoff_revision_or_official_geography,static,static,static_historical,mediawiki_pre_cutoff_revision_or_official_history,P2,pass,find_pre_cutoff_claim_supporting_snapshot
"ডায়মন্ড, কার্ডিনেল, কুফরি, সিন্দুরী, মিউজিকা, নেপিতাল, অ্যালুয়েট, ক্যারোলাস (ছরাক সহিষ্ণু), গ্রানুলা ইত্যাদি আলুর উন্নত জাতের নাম।",0.82,,BCSGK-0300,geographic claim can use a pre-cutoff snapshot,not_yet_checked,['ডায়মন্ড'],cultivated_in,P1,2026-09-16,static_historical,RA_1,historical/event claim routed to pre-cutoff evidence review,approved,"""বিভিন্ন ফসলের উন্নত জাতসমূহ ও কৃষি মৌসুম"" ""ডায়মন্ড"" ""cultivated_in"" pre-2023 official","""ডায়মন্ড, কার্ডিনেল, কুফরি, সিন্দুরী, মিউজিকা, নেপিতাল, অ্যালুয়েট, ক্যারোলাস (ছরাক সহিষ্ণু), গ্রানু"" mediawiki pre cutoff revision or official geography",['বিভিন্ন ফসলের উন্নত জাতসমূহ ও কৃষি মৌসুম'],static_geographic,mediawiki_pre_cutoff_revision_or_official_geography,static,static,static_historical,mediawiki_pre_cutoff_revision_or_official_history,P2,pass,find_pre_cutoff_claim_supporting_snapshot
"অগ্নিশ্বর, কানাইবাসি, মোহনবাসি, বীটজবা, অমৃত সাগর, সিসাপুরী, কবরী, সবরি, চাঁপা ইত্যাদি উন্নত জাতের কলার নাম।",0.82,DUP_609a7510fe,BCSGK-0301,geographic claim can use a pre-cutoff snapshot,not_yet_checked,['কলা'],cultivated_in,P1,2026-09-16,duplicate_candidate,RA_1,automation identified a normalized subject-predicate-object collision; do not merge automatically,needs_second_review,"""বিভিন্ন ফসলের উন্নত জাতসমূহ ও কৃষি মৌসুম"" ""কলা"" ""cultivated_in"" pre-2023 official","""অগ্নিশ্বর, কানাইবাসি, মোহনবাসি, বীটজবা, অমৃত সাগর, সিসাপুরী, কবরী, সবরি, চাঁপা ইত্যাদি উন্নত জাতের ক"" mediawiki pre cutoff revision or official geography",['বিভিন্ন ফসলের উন্নত জাতসমূহ ও কৃষি মৌসুম'],static_geographic,mediawiki_pre_cutoff_revision_or_official_geography,static,needs_clarification,duplicate_candidate,duplicate_resolution,P4,not_yet_checked,compare_duplicate_group_before_sourcing
"বর্ণালী, শুভ্র, উত্তরণ, মোহর, সুইটকর্ন ইত্যাদি উন্নত জাতের ভুট্টার নাম।",0.82,,BCSGK-0302,geographic claim can use a pre-cutoff snapshot,not_yet_checked,['উন্নত জাতের ভুট্টা'],cultivated_in,P1,2026-09-16,static_historical,RA_1,historical/event claim routed to pre-cutoff evidence review,approved,"""বিভিন্ন ফসলের উন্নত জাতসমূহ ও কৃষি মৌসুম"" ""উন্নত জাতের ভুট্টা"" ""cultivated_in"" pre-2023 official","""বর্ণালী, শুভ্র, উত্তরণ, মোহর, সুইটকর্ন ইত্যাদি উন্নত জাতের ভুট্টার নাম।"" mediawiki pre cutoff revision or official geography",['বিভিন্ন ফসলের উন্নত জাতসমূহ ও কৃষি মৌসুম'],static_geographic,mediawiki_pre_cutoff_revision_or_official_geography,static,static,static_historical,mediawiki_pre_cutoff_revision_or_official_history,P2,pass,find_pre_cutoff_claim_supporting_snapshot
'সোনালিকা' ও 'আকবর' বাংলাদেশের কৃষি ক্ষেত্রে উন্নত জাতের গমের নাম।,0.82,DUP_92da0978cb,BCSGK-0303,geographic claim can use a pre-cutoff snapshot,not_yet_checked,['উন্নত জাতের গমের নাম'],cultivated_in,P1,2026-09-16,duplicate_candidate,RA_1,automation identified a normalized subject-predicate-object collision; do not merge automatically,needs_second_review,"""বিভিন্ন ফসলের উন্নত জাতসমূহ ও কৃষি মৌসুম"" ""উন্নত জাতের গমের নাম"" ""cultivated_in"" pre-2023 official","""'সোনালিকা' ও 'আকবর' বাংলাদেশের কৃষি ক্ষেত্রে উন্নত জাতের গমের নাম।"" mediawiki pre cutoff revision or official geography",['বিভিন্ন ফসলের উন্নত জাতসমূহ ও কৃষি মৌসুম'],static_geographic,mediawiki_pre_cutoff_revision_or_official_geography,static,needs_clarification,duplicate_candidate,duplicate_resolution,P4,not_yet_checked,compare_duplicate_group_before_sourcing
বাংলাদেশের কৃষিতে 'দোয়েল' উন্নত জাতের গমের নাম।,0.82,DUP_92da0978cb,BCSGK-0304,geographic claim can use a pre-cutoff snapshot,not_yet_checked,['উন্নত জাতের গমের নাম'],cultivated_in,P1,2026-09-16,duplicate_candidate,RA_1,automation identified a normalized subject-predicate-object collision; do not merge automatically,needs_second_review,"""বিভিন্ন ফসলের উন্নত জাতসমূহ ও কৃষি মৌসুম"" ""উন্নত জাতের গমের নাম"" ""cultivated_in"" pre-2023 official","""বাংলাদেশের কৃষিতে 'দোয়েল' উন্নত জাতের গমের নাম।"" mediawiki pre cutoff revision or official geography",['বিভিন্ন ফসলের উন্নত জাতসমূহ ও কৃষি মৌসুম'],static_geographic,mediawiki_pre_cutoff_revision_or_official_geography,static,needs_clarification,duplicate_candidate,duplicate_resolution,P4,not_yet_checked,compare_duplicate_group_before_sourcing
'ইরাটম' উন্নত জাতের ধান।,0.82,,BCSGK-0305,geographic claim can use a pre-cutoff snapshot,not_yet_checked,['উন্নত জাতের ধান'],cultivated_in,P1,2026-09-16,static_historical,RA_1,historical/event claim routed to pre-cutoff evidence review,approved,"""বিভিন্ন ফসলের উন্নত জাতসমূহ ও কৃষি মৌসুম"" ""উন্নত জাতের ধান"" ""cultivated_in"" pre-2023 official","""'ইরাটম' উন্নত জাতের ধান।"" mediawiki pre cutoff revision or official geography",['বিভিন্ন ফসলের উন্নত জাতসমূহ ও কৃষি মৌসুম'],static_geographic,mediawiki_pre_cutoff_revision_or_official_geography,static,static,static_historical,mediawiki_pre_cutoff_revision_or_official_history,P2,pass,find_pre_cutoff_claim_supporting_snapshot
বাংলাদেশ কৃষিক্ষেত্রে 'বলাকা' ও 'দোয়েল' উন্নতজাতের গম শস্যের নাম।,0.82,,BCSGK-0306,geographic claim can use a pre-cutoff snapshot,not_yet_checked,['উন্নতজাতের গম শস্য'],cultivated_in,P1,2026-09-16,static_historical,RA_1,historical/event claim routed to pre-cutoff evidence review,approved,"""বিভিন্ন ফসলের উন্নত জাতসমূহ ও কৃষি মৌসুম"" ""উন্নতজাতের গম শস্য"" ""cultivated_in"" pre-2023 official","""বাংলাদেশ কৃষিক্ষেত্রে 'বলাকা' ও 'দোয়েল' উন্নতজাতের গম শস্যের নাম।"" mediawiki pre cutoff revision or official geography",['বিভিন্ন ফসলের উন্নত জাতসমূহ ও কৃষি মৌসুম'],static_geographic,mediawiki_pre_cutoff_revision_or_official_geography,static,static,static_historical,mediawiki_pre_cutoff_revision_or_official_history,P2,pass,find_pre_cutoff_claim_supporting_snapshot
"'অগিশর', 'কানাইবাঁশি', 'মোহনবাঁশি' ও 'বীটজবা' কলা জাতীয় ফলের নাম।",0.82,DUP_609a7510fe,BCSGK-0308,geographic claim can use a pre-cutoff snapshot,not_yet_checked,['কলা'],cultivated_in,P1,2026-09-16,duplicate_candidate,RA_1,automation identified a normalized subject-predicate-object collision; do not merge automatically,needs_second_review,"""বিভিন্ন ফসলের উন্নত জাতসমূহ ও কৃষি মৌসুম"" ""কলা"" ""cultivated_in"" pre-2023 official","""'অগিশর', 'কানাইবাঁশি', 'মোহনবাঁশি' ও 'বীটজবা' কলা জাতীয় ফলের নাম।"" mediawiki pre cutoff revision or official geography",['বিভিন্ন ফসলের উন্নত জাতসমূহ ও কৃষি মৌসুম'],static_geographic,mediawiki_pre_cutoff_revision_or_official_geography,static,needs_clarification,duplicate_candidate,duplicate_resolution,P4,not_yet_checked,compare_duplicate_group_before_sourcing
"বাংলাদেশ চা বোর্ড কর্তৃক নিবন্ধিত চা বাগানের সংখ্যা ১৭৩টি। এদের মধ্যে সর্বাধিক ৯০টি চা বাগান রয়েছে মৌলভীবাজার জেলায়। দ্বিতীয় সর্বাধিক ২৫টি চা বাগান রয়েছে হবিগঞ্জ জেলায়, চট্টগ্রাম জেলায় ২২টি এবং পঞ্চগড় জেলায় ১১টি চা বাগান রয়েছে।",0.82,,BCSGK-0309,geographic claim can use a pre-cutoff snapshot,not_yet_checked,['মৌলভীবাজার'],cultivated_in,P1,2026-09-16,static_geographic,RA_1,geographic claim can be routed to pre-cutoff snapshot evidence,approved,"""বিবিধ কৃষিজ ফসল"" ""মৌলভীবাজার"" ""cultivated_in"" pre-2023 official","""বাংলাদেশ চা বোর্ড কর্তৃক নিবন্ধিত চা বাগানের সংখ্যা ১৭৩টি। এদের মধ্যে সর্বাধিক ৯০টি চা বাগান রয়েছে "" mediawiki pre cutoff revision or official geography",['বিবিধ কৃষিজ ফসল'],static_geographic,mediawiki_pre_cutoff_revision_or_official_geography,static,static,static_geographic,mediawiki_pre_cutoff_revision_or_official_geography,P1,pass,find_pre_cutoff_claim_supporting_snapshot
"চা গাছ সরাসরি রোদ সহ্য করতে পারে না। এটি ছায়াযুক্ত বা আংশিক ছায়াযুক্ত পরিবেশে ভালো জন্মায়। তাই একে ছায়াপ্রেমী ফসল বলে। ধান, আখ এবং তামাক উষ্ণ ও আর্দ্র জলবায়ুর ফসল।",0.82,,BCSGK-0310,geographic claim can use a pre-cutoff snapshot,not_yet_checked,['চা'],cultivated_in,P1,2026-09-16,static_historical,RA_1,historical/event claim routed to pre-cutoff evidence review,approved,"""বিবিধ কৃষিজ ফসল"" ""চা"" ""cultivated_in"" pre-2023 official","""চা গাছ সরাসরি রোদ সহ্য করতে পারে না। এটি ছায়াযুক্ত বা আংশিক ছায়াযুক্ত পরিবেশে ভালো জন্মায়। তাই এক"" mediawiki pre cutoff revision or official geography",['বিবিধ কৃষিজ ফসল'],static_geographic,mediawiki_pre_cutoff_revision_or_official_geography,static,static,static_historical,mediawiki_pre_cutoff_revision_or_official_history,P2,pass,find_pre_cutoff_claim_supporting_snapshot
জুম চাষ খাগড়াছড়িতে হয়।,0.82,,BCSGK-0312,geographic claim can use a pre-cutoff snapshot,not_yet_checked,['খাগড়াছড়িতে'],cultivated_in,P1,2026-09-16,static_historical,RA_1,historical/event claim routed to pre-cutoff evidence review,approved,"""বিবিধ কৃষিজ ফসল"" ""খাগড়াছড়িতে"" ""cultivated_in"" pre-2023 official","""জুম চাষ খাগড়াছড়িতে হয়।"" mediawiki pre cutoff revision or official geography",['বিবিধ কৃষিজ ফসল'],static_geographic,mediawiki_pre_cutoff_revision_or_official_geography,static,static,static_historical,mediawiki_pre_cutoff_revision_or_official_history,P2,pass,find_pre_cutoff_claim_supporting_snapshot
বাংলাদেশে সবচেয়ে বেশি উৎপাদিত হয় বোরো ধান।,0.82,,BCSGK-0313,geographic claim can use a pre-cutoff snapshot,not_yet_checked,['বোরো ধান'],cultivated_in,P1,2026-09-16,static_historical,RA_1,historical/event claim routed to pre-cutoff evidence review,approved,"""বিবিধ কৃষিজ ফসল"" ""বোরো ধান"" ""cultivated_in"" pre-2023 official","""বাংলাদেশে সবচেয়ে বেশি উৎপাদিত হয় বোরো ধান।"" mediawiki pre cutoff revision or official geography",['বিবিধ কৃষিজ ফসল'],static_geographic,mediawiki_pre_cutoff_revision_or_official_geography,static,static,static_historical,mediawiki_pre_cutoff_revision_or_official_history,P2,pass,find_pre_cutoff_claim_supporting_snapshot
রোপা আমন ধানের রোপণ উপযোগী সময় শ্রাবণ-ভাদ্র এবং কাটার উপযোগী সময় অগ্রহায়ণ-পৌষ মাসে।,0.82,,BCSGK-0314,geographic claim can use a pre-cutoff snapshot,not_yet_checked,['অগ্রহায়ণ-পৌষ মাসে'],cultivated_in,P1,2026-09-16,static_historical,RA_1,historical/event claim routed to pre-cutoff evidence review,approved,"""বিবিধ কৃষিজ ফসল"" ""অগ্রহায়ণ-পৌষ মাসে"" ""cultivated_in"" pre-2023 official","""রোপা আমন ধানের রোপণ উপযোগী সময় শ্রাবণ-ভাদ্র এবং কাটার উপযোগী সময় অগ্রহায়ণ-পৌষ মাসে।"" mediawiki pre cutoff revision or official geography",['বিবিধ কৃষিজ ফসল'],static_geographic,mediawiki_pre_cutoff_revision_or_official_geography,static,static,static_historical,mediawiki_pre_cutoff_revision_or_official_history,P2,pass,find_pre_cutoff_claim_supporting_snapshot
'জুম' চাষ পদ্ধতি চট্টগ্রাম ও পার্বত্য চট্টগ্রামের জেলাসমূহে দেখা যায়।,0.82,,BCSGK-0315,geographic claim can use a pre-cutoff snapshot,not_yet_checked,['চট্টগ্রাম ও পার্বত্য চট্টগ্রামের জেলাসমূহ'],cultivated_in,P1,2026-09-16,static_geographic,RA_1,geographic claim can be routed to pre-cutoff snapshot evidence,approved,"""বিবিধ কৃষিজ ফসল"" ""চট্টগ্রাম ও পার্বত্য চট্টগ্রামের জেলাসমূহ"" ""cultivated_in"" pre-2023 official","""'জুম' চাষ পদ্ধতি চট্টগ্রাম ও পার্বত্য চট্টগ্রামের জেলাসমূহে দেখা যায়।"" mediawiki pre cutoff revision or official geography",['বিবিধ কৃষিজ ফসল'],static_geographic,mediawiki_pre_cutoff_revision_or_official_geography,static,static,static_geographic,mediawiki_pre_cutoff_revision_or_official_geography,P1,pass,find_pre_cutoff_claim_supporting_snapshot
দেশের মৎস্য সম্পদ সংরক্ষণের নিমিত্তে বাংলাদেশের মৎস্য আইনে ২৩ সেন্টিমিটারের (প্রায় ৯ ইঞ্চি) কম দৈর্ঘ্যের রুই জাতীয় মাছের পোনা মারা এবং ২৫ সেন্টিমিটারের (প্রায় ১০ ইঞ্চি) কম দৈর্ঘ্যের ইলিশ (জাটকা) ধরা নিষেধ।,0.45,,BCSGK-0331,manual claim-type review required,not_yet_checked,['২৩ সেন্টিমিটার'],STATED_AS,P4,2026-09-16,dynamic_policy_legal,RA_1,"legal, policy, treaty, or regulatory claim needs dated admissible evidence",approved,"""মৎস্য সম্পদ"" ""২৩ সেন্টিমিটার"" ""STATED_AS"" pre-2023 official","""দেশের মৎস্য সম্পদ সংরক্ষণের নিমিত্তে বাংলাদেশের মৎস্য আইনে ২৩ সেন্টিমিটারের (প্রায় ৯ ইঞ্চি) কম দৈর্"" manual review",['মৎস্য সম্পদ'],ambiguous,manual_review,needs_clarification,dynamic,dynamic_policy_legal,legal_or_policy_document,P2,pass,find_effective_date_or_gazette
বাংলাদেশে গো-চারণের জন্য বাথান রয়েছে দুটি জেলায়। যথা-পাবনা ও সিরাজগঞ্জ।,0.82,,BCSGK-0333,geographic claim can use a pre-cutoff snapshot,not_yet_checked,['সিরাজগঞ্জ'],located_in,P1,2026-09-16,static_geographic,RA_1,geographic claim can be routed to pre-cutoff snapshot evidence,approved,"""প্রাণিজ সম্পদ"" ""সিরাজগঞ্জ"" ""located_in"" pre-2023 official","""বাংলাদেশে গো-চারণের জন্য বাথান রয়েছে দুটি জেলায়। যথা-পাবনা ও সিরাজগঞ্জ।"" mediawiki pre cutoff revision or official geography",['প্রাণিজ সম্পদ'],static_geographic,mediawiki_pre_cutoff_revision_or_official_geography,static,static,static_geographic,mediawiki_pre_cutoff_revision_or_official_geography,P1,pass,find_pre_cutoff_claim_supporting_snapshot
"বাংলাদেশের কেন্দ্রীয় গো-প্রজনন খামার সাভার, ঢাকায় অবস্থিত। এছাড়া কেন্দ্রীয় মুরগি প্রজনন খামার মিরপুর, ঢাকায়; হাঁস প্রজনন খামার নারায়ণগঞ্জে; মহিষ প্রজনন ও উন্নয়ন খামার বাগেরহাটে এবং বেসরকারি কুমির প্রজনন কেন্দ্র ভালুকা, ময়মনসিংহে অবস্থিত।",0.82,,BCSGK-0336,geographic claim can use a pre-cutoff snapshot,not_yet_checked,['সাভার'],located_in,P1,2026-09-16,static_geographic,RA_1,geographic claim can be routed to pre-cutoff snapshot evidence,approved,"""প্রাণিজ সম্পদ"" ""সাভার"" ""located_in"" pre-2023 official","""বাংলাদেশের কেন্দ্রীয় গো-প্রজনন খামার সাভার, ঢাকায় অবস্থিত। এছাড়া কেন্দ্রীয় মুরগি প্রজনন খামার মি"" mediawiki pre cutoff revision or official geography",['প্রাণিজ সম্পদ'],static_geographic,mediawiki_pre_cutoff_revision_or_official_geography,static,static,static_geographic,mediawiki_pre_cutoff_revision_or_official_geography,P1,pass,find_pre_cutoff_claim_supporting_snapshot
"সাঁওতাল জনগোষ্ঠী যে ভাষায় কথা বলে, সেটি হলো সাঁওতালি ভাষা। এই ভাষাটি বৃহত্তর অস্ট্রো-এশীয় বা অস্ট্রিক ভাষা পরিবারের অন্তর্ভুক্ত। ক. ভাষা পরিবার: অস্ট্রো-এশীয়। খ. শাখা: মুণ্ডা শাখা।",0.45,,BCSGK-0353,manual claim-type review required,not_yet_checked,['অস্ট্রিক-অস্ট্রো এসিয়াটিক (মুও)'],STATED_AS,P4,2026-09-16,static_historical,RA_1,historical/event claim routed to pre-cutoff evidence review,approved,"""জাতি, গোষ্ঠী ও উপজাতি সংক্রান্ত বিষয়াদি"" ""অস্ট্রিক-অস্ট্রো এসিয়াটিক (মুও)"" ""STATED_AS"" pre-2023 official","""সাঁওতাল জনগোষ্ঠী যে ভাষায় কথা বলে, সেটি হলো সাঁওতালি ভাষা। এই ভাষাটি বৃহত্তর অস্ট্রো-এশীয় বা অস্ট্"" manual review","['জাতি, গোষ্ঠী ও উপজাতি সংক্রান্ত বিষয়াদি']",ambiguous,manual_review,needs_clarification,static,static_historical,mediawiki_pre_cutoff_revision_or_official_history,P2,pass,find_pre_cutoff_claim_supporting_snapshot
সাংগ্রাই হলো বাংলাদেশি মারমা ও রাখাইন নু-গোষ্ঠীর নববর্ষ উৎসবের নাম। এরা পুরোনো বছরের শেষ দুই দিন ও নতুন বছরের প্রথম দিন সহ মোট তিন দিন এ উৎসব পালন করে থাকে।,0.45,,BCSGK-0354,manual claim-type review required,not_yet_checked,['সাংগ্রাই'],STATED_AS,P4,2026-09-16,static_historical,RA_1,historical/event claim routed to pre-cutoff evidence review,approved,"""জাতি, গোষ্ঠী ও উপজাতি সংক্রান্ত বিষয়াদি"" ""সাংগ্রাই"" ""STATED_AS"" pre-2023 official","""সাংগ্রাই হলো বাংলাদেশি মারমা ও রাখাইন নু-গোষ্ঠীর নববর্ষ উৎসবের নাম। এরা পুরোনো বছরের শেষ দুই দিন ও ন"" manual review","['জাতি, গোষ্ঠী ও উপজাতি সংক্রান্ত বিষয়াদি']",ambiguous,manual_review,needs_clarification,static,static_historical,mediawiki_pre_cutoff_revision_or_official_history,P2,pass,find_pre_cutoff_claim_supporting_snapshot
ষষ্ঠ জনশুমারি ও গৃহ গণনা-২০২২ এর চূড়ান্ত রিপোর্ট অনুযায়ী বাংলাদেশের ক্ষুদ্র নৃ গোষ্ঠীর সংখ্যা মোট-৫০টি।,0.45,,BCSGK-0357,manual claim-type review required,not_yet_checked,['৫০'],STATED_AS,P4,2026-09-16,static_historical,RA_1,historical/event claim routed to pre-cutoff evidence review,approved,"""জাতি, গোষ্ঠী ও উপজাতি সংক্রান্ত বিষয়াদি"" ""৫০"" ""STATED_AS"" pre-2023 official","""ষষ্ঠ জনশুমারি ও গৃহ গণনা-২০২২ এর চূড়ান্ত রিপোর্ট অনুযায়ী বাংলাদেশের ক্ষুদ্র নৃ গোষ্ঠীর সংখ্যা মোট-"" manual review","['জাতি, গোষ্ঠী ও উপজাতি সংক্রান্ত বিষয়াদি']",ambiguous,manual_review,needs_clarification,static,static_historical,mediawiki_pre_cutoff_revision_or_official_history,P2,pass,find_pre_cutoff_claim_supporting_snapshot
"ভরাও জনগোষ্ঠী দিনাজপুর, রংপুর, রাজশাহী ও বগুড়া অঞ্চলে বাস করে। এরা জেড়োপাসক এবং ভাষা হচ্ছে কুড়ুখ/সাদ্রি। এদের উৎসব কর্ম যা কর্ম শাখাকে ঘিরে অনুষ্ঠিত হয়।",0.82,,BCSGK-0358,geographic claim can use a pre-cutoff snapshot,not_yet_checked,['রাজশাহী-দিনাজপুর'],located_in,P1,2026-09-16,static_historical,RA_1,historical/event claim routed to pre-cutoff evidence review,approved,"""জাতি, গোষ্ঠী ও উপজাতি সংক্রান্ত বিষয়াদি"" ""রাজশাহী-দিনাজপুর"" ""located_in"" pre-2023 official","""ভরাও জনগোষ্ঠী দিনাজপুর, রংপুর, রাজশাহী ও বগুড়া অঞ্চলে বাস করে। এরা জেড়োপাসক এবং ভাষা হচ্ছে কুড়ুখ/"" mediawiki pre cutoff revision or official geography","['জাতি, গোষ্ঠী ও উপজাতি সংক্রান্ত বিষয়াদি']",static_geographic,mediawiki_pre_cutoff_revision_or_official_geography,static,static,static_historical,mediawiki_pre_cutoff_revision_or_official_history,P2,pass,find_pre_cutoff_claim_supporting_snapshot
"গারো উপজাতিদের আবাসস্থল মূলত ময়মনসিংহ, শেরপুর, নেত্রকোণা, টাঙ্গাইল, জামালপুর, সুনামগঞ্জ ও সিলেট। বিরিশিরি নেত্রকোণা জেলার দুর্গাপুর উপজেলার ঐতিহ্যবাহী একটি গ্রাম।",0.82,,BCSGK-0359,geographic claim can use a pre-cutoff snapshot,not_yet_checked,['গারো'],located_in,P1,2026-09-16,static_geographic,RA_1,geographic claim can be routed to pre-cutoff snapshot evidence,approved,"""জাতি, গোষ্ঠী ও উপজাতি সংক্রান্ত বিষয়াদি"" ""গারো"" ""located_in"" pre-2023 official","""গারো উপজাতিদের আবাসস্থল মূলত ময়মনসিংহ, শেরপুর, নেত্রকোণা, টাঙ্গাইল, জামালপুর, সুনামগঞ্জ ও সিলেট। বি"" mediawiki pre cutoff revision or official geography","['জাতি, গোষ্ঠী ও উপজাতি সংক্রান্ত বিষয়াদি']",static_geographic,mediawiki_pre_cutoff_revision_or_official_geography,static,static,static_geographic,mediawiki_pre_cutoff_revision_or_official_geography,P1,pass,find_pre_cutoff_claim_supporting_snapshot
গারো উপজাতিদের আবাসস্থল মূলত ময়মনসিংহ জেলায়।,0.82,,BCSGK-0360,geographic claim can use a pre-cutoff snapshot,not_yet_checked,['ময়মনসিংহ'],located_in,P1,2026-09-16,static_geographic,RA_1,geographic claim can be routed to pre-cutoff snapshot evidence,approved,"""জাতি, গোষ্ঠী ও উপজাতি সংক্রান্ত বিষয়াদি"" ""ময়মনসিংহ"" ""located_in"" pre-2023 official","""গারো উপজাতিদের আবাসস্থল মূলত ময়মনসিংহ জেলায়।"" mediawiki pre cutoff revision or official geography","['জাতি, গোষ্ঠী ও উপজাতি সংক্রান্ত বিষয়াদি']",static_geographic,mediawiki_pre_cutoff_revision_or_official_geography,static,static,static_geographic,mediawiki_pre_cutoff_revision_or_official_geography,P1,pass,find_pre_cutoff_claim_supporting_snapshot
"চাকমা বাংলাদেশের বৃহত্তম ক্ষুদ্র নৃ-গোষ্ঠী জনগোষ্ঠী। পার্বত্য জেলা রাঙামাটি, খাগড়াছড়ি, বান্দরবানে এদের বসবাস। বৌদ্ধ ধর্মাবলম্বী চাকমাদের প্রধান উৎসব বিজু (বর্ষবরণ)।",0.82,,BCSGK-0361,geographic claim can use a pre-cutoff snapshot,not_yet_checked,['রাঙামাটি জেলায়'],located_in,P1,2026-09-16,static_geographic,RA_1,geographic claim can be routed to pre-cutoff snapshot evidence,approved,"""জাতি, গোষ্ঠী ও উপজাতি সংক্রান্ত বিষয়াদি"" ""রাঙামাটি জেলায়"" ""located_in"" pre-2023 official","""চাকমা বাংলাদেশের বৃহত্তম ক্ষুদ্র নৃ-গোষ্ঠী জনগোষ্ঠী। পার্বত্য জেলা রাঙামাটি, খাগড়াছড়ি, বান্দরবানে "" mediawiki pre cutoff revision or official geography","['জাতি, গোষ্ঠী ও উপজাতি সংক্রান্ত বিষয়াদি']",static_geographic,mediawiki_pre_cutoff_revision_or_official_geography,static,static,static_geographic,mediawiki_pre_cutoff_revision_or_official_geography,P1,pass,find_pre_cutoff_claim_supporting_snapshot
"হাজং উপজাতির বসবাস শেরপুর, ময়মনসিংহ, সুনামগঞ্জ ও নেত্রকোণায়। সিলেট জেলায় বসবাসকারী উপজাতি হলো খাসি (খাসিয়া), গারো, পাত্র, মুও, মণিপুরী ও তুমিজ।",0.82,DUP_1c278ad880,BCSGK-0363,geographic claim can use a pre-cutoff snapshot,not_yet_checked,['সিলেট'],located_in,P1,2026-09-16,duplicate_candidate,RA_1,automation identified a normalized subject-predicate-object collision; do not merge automatically,needs_second_review,"""জাতি, গোষ্ঠী ও উপজাতি সংক্রান্ত বিষয়াদি"" ""সিলেট"" ""located_in"" pre-2023 official","""হাজং উপজাতির বসবাস শেরপুর, ময়মনসিংহ, সুনামগঞ্জ ও নেত্রকোণায়। সিলেট জেলায় বসবাসকারী উপজাতি হলো খাস"" mediawiki pre cutoff revision or official geography","['জাতি, গোষ্ঠী ও উপজাতি সংক্রান্ত বিষয়াদি']",static_geographic,mediawiki_pre_cutoff_revision_or_official_geography,static,needs_clarification,duplicate_candidate,duplicate_resolution,P4,not_yet_checked,compare_duplicate_group_before_sourcing
পাঙন উপজাতির ধর্ম ইসলাম।,0.45,,BCSGK-0364,manual claim-type review required,not_yet_checked,['পাঙন'],STATED_AS,P4,2026-09-16,static_historical,RA_1,historical/event claim routed to pre-cutoff evidence review,approved,"""জাতি, গোষ্ঠী ও উপজাতি সংক্রান্ত বিষয়াদি"" ""পাঙন"" ""STATED_AS"" pre-2023 official","""পাঙন উপজাতির ধর্ম ইসলাম।"" manual review","['জাতি, গোষ্ঠী ও উপজাতি সংক্রান্ত বিষয়াদি']",ambiguous,manual_review,needs_clarification,static,static_historical,mediawiki_pre_cutoff_revision_or_official_history,P2,pass,find_pre_cutoff_claim_supporting_snapshot
খাসিয়া নু-গোষ্ঠীদের গ্রামকে বলা হয় পুঞ্জি। ভূমি জরিপের ভৌগোলিক ইউনিট এবং রাজস্ব আদায়ের জন্য এক ইউনিট জমির অভিব্যক্তি হলো মৌজা। অন্যদিকে গ্রামের ক্ষুদ্র অংশকে পাড়া বলা হয়।,0.45,,BCSGK-0365,manual claim-type review required,not_yet_checked,['পুঞ্জি'],STATED_AS,P4,2026-09-16,static_historical,RA_1,historical/event claim routed to pre-cutoff evidence review,approved,"""জাতি, গোষ্ঠী ও উপজাতি সংক্রান্ত বিষয়াদি"" ""পুঞ্জি"" ""STATED_AS"" pre-2023 official","""খাসিয়া নু-গোষ্ঠীদের গ্রামকে বলা হয় পুঞ্জি। ভূমি জরিপের ভৌগোলিক ইউনিট এবং রাজস্ব আদায়ের জন্য এক ইউ"" manual review","['জাতি, গোষ্ঠী ও উপজাতি সংক্রান্ত বিষয়াদি']",ambiguous,manual_review,needs_clarification,static,static_historical,mediawiki_pre_cutoff_revision_or_official_history,P2,pass,find_pre_cutoff_claim_supporting_snapshot
হাজংদের অধিবাস ময়মনসিংহ ও নেত্রকোণায়।,0.82,,BCSGK-0367,geographic claim can use a pre-cutoff snapshot,not_yet_checked,['ময়মনসিংহ ও নেত্রকোণা'],located_in,P1,2026-09-16,static_historical,RA_1,historical/event claim routed to pre-cutoff evidence review,approved,"""জাতি, গোষ্ঠী ও উপজাতি সংক্রান্ত বিষয়াদি"" ""ময়মনসিংহ ও নেত্রকোণা"" ""located_in"" pre-2023 official","""হাজংদের অধিবাস ময়মনসিংহ ও নেত্রকোণায়।"" mediawiki pre cutoff revision or official geography","['জাতি, গোষ্ঠী ও উপজাতি সংক্রান্ত বিষয়াদি']",static_geographic,mediawiki_pre_cutoff_revision_or_official_geography,static,static,static_historical,mediawiki_pre_cutoff_revision_or_official_history,P2,pass,find_pre_cutoff_claim_supporting_snapshot
বাংলাদেশে বসবাসরত ৫০টি উপজাতির মধ্যে গারো ও খাসিয়া ব্যতীত সকল উপজাতির পারিবারিক কাঠামো পিতৃতান্ত্রিক।,0.45,,BCSGK-0368,manual claim-type review required,not_yet_checked,['মারমা'],STATED_AS,P4,2026-09-16,static_historical,RA_1,historical/event claim routed to pre-cutoff evidence review,approved,"""জাতি, গোষ্ঠী ও উপজাতি সংক্রান্ত বিষয়াদি"" ""মারমা"" ""STATED_AS"" pre-2023 official","""বাংলাদেশে বসবাসরত ৫০টি উপজাতির মধ্যে গারো ও খাসিয়া ব্যতীত সকল উপজাতির পারিবারিক কাঠামো পিতৃতান্ত্রি"" manual review","['জাতি, গোষ্ঠী ও উপজাতি সংক্রান্ত বিষয়াদি']",ambiguous,manual_review,needs_clarification,static,static_historical,mediawiki_pre_cutoff_revision_or_official_history,P2,pass,find_pre_cutoff_claim_supporting_snapshot
বাংলাদেশের বিখ্যাত মণিপুরী নাচ সিলেট অঞ্চলের।,0.82,DUP_1c278ad880,BCSGK-0369,geographic claim can use a pre-cutoff snapshot,not_yet_checked,['সিলেট'],located_in,P1,2026-09-16,duplicate_candidate,RA_1,automation identified a normalized subject-predicate-object collision; do not merge automatically,needs_second_review,"""জাতি, গোষ্ঠী ও উপজাতি সংক্রান্ত বিষয়াদি"" ""সিলেট"" ""located_in"" pre-2023 official","""বাংলাদেশের বিখ্যাত মণিপুরী নাচ সিলেট অঞ্চলের।"" mediawiki pre cutoff revision or official geography","['জাতি, গোষ্ঠী ও উপজাতি সংক্রান্ত বিষয়াদি']",static_geographic,mediawiki_pre_cutoff_revision_or_official_geography,static,needs_clarification,duplicate_candidate,duplicate_resolution,P4,not_yet_checked,compare_duplicate_group_before_sourcing
"পার্বত্য চট্টগ্রাম শান্তিচুক্তি ২ ডিসেম্বর, ১৯৯৭ সালে স্বাক্ষরিত হয়।",0.45,,BCSGK-0370,manual claim-type review required,not_yet_checked,"['২ ডিসেম্বর, ১৯৯৭']",occurred_on,P4,2026-09-16,dynamic_policy_legal,RA_1,"legal, policy, treaty, or regulatory claim needs dated admissible evidence",approved,"""জাতি, গোষ্ঠী ও উপজাতি সংক্রান্ত বিষয়াদি"" ""২ ডিসেম্বর, ১৯৯৭"" ""occurred_on"" pre-2023 official","""পার্বত্য চট্টগ্রাম শান্তিচুক্তি ২ ডিসেম্বর, ১৯৯৭ সালে স্বাক্ষরিত হয়।"" manual review","['জাতি, গোষ্ঠী ও উপজাতি সংক্রান্ত বিষয়াদি']",ambiguous,manual_review,needs_clarification,dynamic,dynamic_policy_legal,legal_or_policy_document,P2,pass,find_effective_date_or_gazette
মাওরি নিউজিল্যান্ডের আদিবাসী। বাংলাদেশে মাওরি উপজাতি বাস করে না।,0.45,,BCSGK-0371,manual claim-type review required,not_yet_checked,['মাওরি'],STATED_AS,P4,2026-09-16,static_historical,RA_1,historical/event claim routed to pre-cutoff evidence review,approved,"""জাতি, গোষ্ঠী ও উপজাতি সংক্রান্ত বিষয়াদি"" ""মাওরি"" ""STATED_AS"" pre-2023 official","""মাওরি নিউজিল্যান্ডের আদিবাসী। বাংলাদেশে মাওরি উপজাতি বাস করে না।"" manual review","['জাতি, গোষ্ঠী ও উপজাতি সংক্রান্ত বিষয়াদি']",ambiguous,manual_review,needs_clarification,static,static_historical,mediawiki_pre_cutoff_revision_or_official_history,P2,pass,find_pre_cutoff_claim_supporting_snapshot
"চাকমা শরণার্থীদের দ্বিতীয় দফায় ১ম অর্থাৎ ২১ জুলাই, ১৯৯৪ তারিখে ৩৭৫ জন বাংলাদেশে প্রত্যাবর্তন করেন।",0.45,,BCSGK-0372,manual claim-type review required,not_yet_checked,['৩৭৫ জন'],STATED_AS,P4,2026-09-16,static_historical,RA_1,historical/event claim routed to pre-cutoff evidence review,approved,"""জাতি, গোষ্ঠী ও উপজাতি সংক্রান্ত বিষয়াদি"" ""৩৭৫ জন"" ""STATED_AS"" pre-2023 official","""চাকমা শরণার্থীদের দ্বিতীয় দফায় ১ম অর্থাৎ ২১ জুলাই, ১৯৯৪ তারিখে ৩৭৫ জন বাংলাদেশে প্রত্যাবর্তন করেন।"" manual review","['জাতি, গোষ্ঠী ও উপজাতি সংক্রান্ত বিষয়াদি']",ambiguous,manual_review,needs_clarification,static,static_historical,mediawiki_pre_cutoff_revision_or_official_history,P2,pass,find_pre_cutoff_claim_supporting_snapshot
"ঢাকা বিশ্ববিদ্যালয় বিল ১৮ মার্চ, ১৯২০ সালে আইনে পরিণত হয় এবং উক্ত আইনের অধীনে ১৯২১ সালের ১লা জুলাই কার্যক্রম শুরু হয়।",0.45,,BCSGK-0374,manual claim-type review required,not_yet_checked,['১৮ মার্চ ১৯২০'],occurred_on,P4,2026-09-16,dynamic_policy_legal,RA_1,"legal, policy, treaty, or regulatory claim needs dated admissible evidence",approved,"""শিক্ষা ব্যবস্থা"" ""১৮ মার্চ ১৯২০"" ""occurred_on"" pre-2023 official","""ঢাকা বিশ্ববিদ্যালয় বিল ১৮ মার্চ, ১৯২০ সালে আইনে পরিণত হয় এবং উক্ত আইনের অধীনে ১৯২১ সালের ১লা জুলাই"" manual review",['শিক্ষা ব্যবস্থা'],ambiguous,manual_review,needs_clarification,dynamic,dynamic_policy_legal,legal_or_policy_document,P2,pass,find_effective_date_or_gazette
রাজশাহী বিশ্ববিদ্যালয় ১৯৫৩ সালে স্থাপিত হয়।,0.45,,BCSGK-0383,manual claim-type review required,not_yet_checked,['১৯৫৩ সালে'],occurred_on,P4,2026-09-16,static_historical,RA_1,historical/event claim routed to pre-cutoff evidence review,approved,"""শিক্ষা ব্যবস্থা"" ""১৯৫৩ সালে"" ""occurred_on"" pre-2023 official","""রাজশাহী বিশ্ববিদ্যালয় ১৯৫৩ সালে স্থাপিত হয়।"" manual review",['শিক্ষা ব্যবস্থা'],ambiguous,manual_review,needs_clarification,static,static_historical,mediawiki_pre_cutoff_revision_or_official_history,P2,pass,find_pre_cutoff_claim_supporting_snapshot
"অর্থনৈতিক সমীক্ষা-২০২৫ অনুযায়ী, দেশে কমিউনিটি ক্লিনিকের সংখ্যা ১৪২৯৭টি।",0.45,,BCSGK-0384,manual claim-type review required,not_yet_checked,['১৪ হাজার ২৯৭ টি'],STATED_AS,P4,2026-09-16,static_historical,RA_1,historical/event claim routed to pre-cutoff evidence review,approved,"""স্বাস্থ্য ব্যবস্থা"" ""১৪ হাজার ২৯৭ টি"" ""STATED_AS"" pre-2023 official","""অর্থনৈতিক সমীক্ষা-২০২৫ অনুযায়ী, দেশে কমিউনিটি ক্লিনিকের সংখ্যা ১৪২৯৭টি।"" manual review",['স্বাস্থ্য ব্যবস্থা'],ambiguous,manual_review,needs_clarification,static,static_historical,mediawiki_pre_cutoff_revision_or_official_history,P2,pass,find_pre_cutoff_claim_supporting_snapshot
"৩০ মে, ২০০১ ধানমন্ত্রির সেন্ট্রাল হসপিটালে ড. পারভীন ফাতেমার সার্বিক তত্ত্বাবধানে ফিরোজা বেগম- হীরা, মণি ও মুক্তা নামে ৩টি টেস্ট টিউব শিশুর মা হন।",0.45,,BCSGK-0385,manual claim-type review required,not_yet_checked,['ফিরোজা বেগম'],STATED_AS,P4,2026-09-16,static_historical,RA_1,historical/event claim routed to pre-cutoff evidence review,approved,"""স্বাস্থ্য ব্যবস্থা"" ""ফিরোজা বেগম"" ""STATED_AS"" pre-2023 official","""৩০ মে, ২০০১ ধানমন্ত্রির সেন্ট্রাল হসপিটালে ড. পারভীন ফাতেমার সার্বিক তত্ত্বাবধানে ফিরোজা বেগম- হীরা,"" manual review",['স্বাস্থ্য ব্যবস্থা'],ambiguous,manual_review,needs_clarification,static,static_historical,mediawiki_pre_cutoff_revision_or_official_history,P2,pass,find_pre_cutoff_claim_supporting_snapshot
বাংলাদেশের অর্থনৈতিক উন্নয়ন প্রকল্প ও নীতি অনুমোদনের ক্ষেত্রে কাঠামোগত স্তরবিন্যাস অনুযায়ী ECNEC-ই হলো চূড়ান্ত ও সর্বোচ্চ নির্বাহী কর্তৃপক্ষ। ECNEC (Executive Committee of the National Economic Council) উন্নয়ন প্রকল্পগুলোর চূড়ান্ত অনুমোদন এখান থেকেই আসে।,0.45,,BCSGK-0403,manual claim-type review required,not_yet_checked,['জাতীয় অর্থনৈতিক পরিষদের নির্বাহী কমিটি'],STATED_AS,P4,2026-09-16,dynamic_policy_legal,RA_1,"legal, policy, treaty, or regulatory claim needs dated admissible evidence",approved,"""উন্নয়ন পরিকল্পনা, প্রেক্ষিত ও পঞ্চবার্ষিকী"" ""জাতীয় অর্থনৈতিক পরিষদের নির্বাহী কমিটি"" ""STATED_AS"" pre-2023 official","""বাংলাদেশের অর্থনৈতিক উন্নয়ন প্রকল্প ও নীতি অনুমোদনের ক্ষেত্রে কাঠামোগত স্তরবিন্যাস অনুযায়ী ECNEC-ই"" manual review","['উন্নয়ন পরিকল্পনা, প্রেক্ষিত ও পঞ্চবার্ষিকী']",ambiguous,manual_review,needs_clarification,dynamic,dynamic_policy_legal,legal_or_policy_document,P2,pass,find_effective_date_or_gazette
"বদ্বীপ পরিকল্পনা ২১০০-এ ৬টি ভৌগোলিক হটস্পট নির্ধারণ করা হয়েছে। হটস্পটগুলো হলো: (i) নদী ও মোহনা অঞ্চল, (ii) উপকূলীয় অঞ্চল, (iii) বরেন্দ্র ও খরাপ্রবণ অঞ্চল, (iv) হাওড় ও আকস্মিক বন্যাপ্রবণ অঞ্চল, (v) নগর অঞ্চল এবং (vi) পার্বত্য চট্টগ্রাম অঞ্চল।",0.45,,BCSGK-0404,manual claim-type review required,not_yet_checked,['৬'],STATED_AS,P4,2026-09-16,static_geographic,RA_1,geographic claim can be routed to pre-cutoff snapshot evidence,approved,"""উন্নয়ন পরিকল্পনা, প্রেক্ষিত ও পঞ্চবার্ষিকী"" ""৬"" ""STATED_AS"" pre-2023 official","""বদ্বীপ পরিকল্পনা ২১০০-এ ৬টি ভৌগোলিক হটস্পট নির্ধারণ করা হয়েছে। হটস্পটগুলো হলো: (i) নদী ও মোহনা অঞ্চ"" manual review","['উন্নয়ন পরিকল্পনা, প্রেক্ষিত ও পঞ্চবার্ষিকী']",ambiguous,manual_review,needs_clarification,static,static_geographic,mediawiki_pre_cutoff_revision_or_official_geography,P1,pass,find_pre_cutoff_claim_supporting_snapshot
"২৫ ফেব্রুয়ারি, ২০২০ জাতীয় অর্থনৈতিক পরিষদে (NEC) দ্বিতীয় প্রেক্ষিত পরিকল্পনা গৃহীত হয়। এর মেয়াদ ২০২১-২০৪১। এটি তৈরি করেছে সাধারণ অর্থনীতি বিভাগ (GED)। প্রথম প্রেক্ষিত পরিকল্পনার মেয়াদকাল ছিল ২০১০-২০২১।",0.45,,BCSGK-0405,manual claim-type review required,not_yet_checked,['২০৪১'],STATED_AS,P4,2026-09-16,dynamic_policy_legal,RA_1,"legal, policy, treaty, or regulatory claim needs dated admissible evidence",approved,"""উন্নয়ন পরিকল্পনা, প্রেক্ষিত ও পঞ্চবার্ষিকী"" ""২০৪১"" ""STATED_AS"" pre-2023 official","""২৫ ফেব্রুয়ারি, ২০২০ জাতীয় অর্থনৈতিক পরিষদে (NEC) দ্বিতীয় প্রেক্ষিত পরিকল্পনা গৃহীত হয়। এর মেয়াদ"" manual review","['উন্নয়ন পরিকল্পনা, প্রেক্ষিত ও পঞ্চবার্ষিকী']",ambiguous,manual_review,needs_clarification,dynamic,dynamic_policy_legal,legal_or_policy_document,P2,pass,find_effective_date_or_gazette
"স্মার্ট বাংলাদেশ ২০৪১ সালের মধ্যে বাস্তবায়নের জন্য নির্ধারিত একটি রূপকল্প। বাংলাদেশ সরকার চারটি কৌশলগত স্তম্ভ নির্ধারণ করেছে: স্মার্ট সিটিজেন, স্মার্ট সরকার, স্মার্ট ইকোনমি এবং স্মার্ট সোসাইটি।",0.45,,BCSGK-0406,manual claim-type review required,not_yet_checked,['Smart Society'],STATED_AS,P4,2026-09-16,static_historical,RA_1,historical/event claim routed to pre-cutoff evidence review,approved,"""উন্নয়ন পরিকল্পনা, প্রেক্ষিত ও পঞ্চবার্ষিকী"" ""Smart Society"" ""STATED_AS"" pre-2023 official","""স্মার্ট বাংলাদেশ ২০৪১ সালের মধ্যে বাস্তবায়নের জন্য নির্ধারিত একটি রূপকল্প। বাংলাদেশ সরকার চারটি কৌশ"" manual review","['উন্নয়ন পরিকল্পনা, প্রেক্ষিত ও পঞ্চবার্ষিকী']",ambiguous,manual_review,needs_clarification,static,static_historical,mediawiki_pre_cutoff_revision_or_official_history,P2,pass,find_pre_cutoff_claim_supporting_snapshot
বাংলাদেশের প্রেক্ষিত পরিকল্পনার সময়সীমা ২০২১-২০৪১।,0.45,,BCSGK-0408,manual claim-type review required,not_yet_checked,['২০২১-২০৪১'],STATED_AS,P4,2026-09-16,static_historical,RA_1,historical/event claim routed to pre-cutoff evidence review,approved,"""উন্নয়ন পরিকল্পনা, প্রেক্ষিত ও পঞ্চবার্ষিকী"" ""২০২১-২০৪১"" ""STATED_AS"" pre-2023 official","""বাংলাদেশের প্রেক্ষিত পরিকল্পনার সময়সীমা ২০২১-২০৪১।"" manual review","['উন্নয়ন পরিকল্পনা, প্রেক্ষিত ও পঞ্চবার্ষিকী']",ambiguous,manual_review,needs_clarification,static,static_historical,mediawiki_pre_cutoff_revision_or_official_history,P2,pass,find_pre_cutoff_claim_supporting_snapshot
"বাংলাদেশে শিল্প সংক্রান্ত অর্থনৈতিক কর্মকাণ্ড বলতে মূলত উৎপাদনশীল খাতকে বোঝানো হয় যেখানে কাঁচামালকে প্রক্রিয়াজাত করে নতুন পণ্য তৈরি করা হয়, যেমন: বস্ত্র, পাটজাত পণ্য, সিমেন্ট ইত্যাদি। মাছ চাষ কৃষি ও মৎস্য খাতের অন্তর্গত, যা প্রাথমিক উৎপাদন খাতে পড়ে।",0.82,,BCSGK-0410,geographic claim can use a pre-cutoff snapshot,not_yet_checked,['মাছ চাষ'],part_of,P1,2026-09-16,static_historical,RA_1,historical/event claim routed to pre-cutoff evidence review,approved,"""শিল্প উৎপাদন"" ""মাছ চাষ"" ""part_of"" pre-2023 official","""বাংলাদেশে শিল্প সংক্রান্ত অর্থনৈতিক কর্মকাণ্ড বলতে মূলত উৎপাদনশীল খাতকে বোঝানো হয় যেখানে কাঁচামালকে"" mediawiki pre cutoff revision or official geography",['শিল্প উৎপাদন'],static_geographic,mediawiki_pre_cutoff_revision_or_official_geography,static,static,static_historical,mediawiki_pre_cutoff_revision_or_official_history,P2,pass,find_pre_cutoff_claim_supporting_snapshot
ন্যাচারাল গ্যাস ফার্টিলাইজার ফ্যাক্টরি লিমিটেড (পূর্বনাম-ফেঞ্চুগঞ্জ সার কারখানা) সিলেটের ফেঞ্চুগঞ্জে অবস্থিত। এটি বাংলাদেশের প্রথম সার কারখানা। এই সার কারখানায় ইউরিয়া এবং এএসপি (অ্যামেনিয়াম সালফেট) সার উৎপাদিত হয়।,0.82,,BCSGK-0416,geographic claim can use a pre-cutoff snapshot,not_yet_checked,['ইউরিয়া এবং এএসপি'],located_in,P1,2026-09-16,static_geographic,RA_1,geographic claim can be routed to pre-cutoff snapshot evidence,approved,"""শিল্প উৎপাদন"" ""ইউরিয়া এবং এএসপি"" ""located_in"" pre-2023 official","""ন্যাচারাল গ্যাস ফার্টিলাইজার ফ্যাক্টরি লিমিটেড (পূর্বনাম-ফেঞ্চুগঞ্জ সার কারখানা) সিলেটের ফেঞ্চুগঞ্জে"" mediawiki pre cutoff revision or official geography",['শিল্প উৎপাদন'],static_geographic,mediawiki_pre_cutoff_revision_or_official_geography,static,static,static_geographic,mediawiki_pre_cutoff_revision_or_official_geography,P1,pass,find_pre_cutoff_claim_supporting_snapshot
বাংলাদেশের প্রধান জাহাজ নির্মাণ কারখানা খুলনায় অবস্থিত। দেশে আনুমানিক ১০ হাজার মেট্রিক টন ক্ষমতার আন্তর্জাতিক মানের জাহাজ তৈরির ক্ষমতাসম্পন্ন প্রায় ১১টি শিপইয়ার্ড রয়েছে।,0.82,,BCSGK-0422,geographic claim can use a pre-cutoff snapshot,not_yet_checked,['খুলনা'],located_in,P1,2026-09-16,static_geographic,RA_1,geographic claim can be routed to pre-cutoff snapshot evidence,approved,"""শিল্প উৎপাদন"" ""খুলনা"" ""located_in"" pre-2023 official","""বাংলাদেশের প্রধান জাহাজ নির্মাণ কারখানা খুলনায় অবস্থিত। দেশে আনুমানিক ১০ হাজার মেট্রিক টন ক্ষমতার আ"" mediawiki pre cutoff revision or official geography",['শিল্প উৎপাদন'],static_geographic,mediawiki_pre_cutoff_revision_or_official_geography,static,static,static_geographic,mediawiki_pre_cutoff_revision_or_official_geography,P1,pass,find_pre_cutoff_claim_supporting_snapshot
"'Alliance for Bangladesh Worker's Safety' যুক্তরাষ্ট্রভিত্তিক বিশ্বসেরা গার্মেন্টস ব্র্যান্ডগুলোর সংগঠন। এই সংগঠনটি ২৪ এপ্রিল, ২০১৩ সালে রানা প্লাজা দুর্ঘটনার পর গঠিত হয়।",0.45,,BCSGK-0426,manual claim-type review required,not_yet_checked,['যুক্তরাষ্ট্রের'],STATED_AS,P4,2026-09-16,static_historical,RA_1,historical/event claim routed to pre-cutoff evidence review,approved,"""গার্মেন্টস শিল্প ও এর সার্বিক ব্যবস্থাপনা"" ""যুক্তরাষ্ট্রের"" ""STATED_AS"" pre-2023 official","""'Alliance for Bangladesh Worker's Safety' যুক্তরাষ্ট্রভিত্তিক বিশ্বসেরা গার্মেন্টস ব্র্যান্ডগুলোর সং"" manual review",['গার্মেন্টস শিল্প ও এর সার্বিক ব্যবস্থাপনা'],ambiguous,manual_review,needs_clarification,static,static_historical,mediawiki_pre_cutoff_revision_or_official_history,P2,pass,find_pre_cutoff_claim_supporting_snapshot
"বাংলাদেশের সয়াবিন তেল বাজার প্রতিবেদন ২০২৫ অনুযায়ী, বাংলাদেশ সিংহভাগ সয়াবিন তেল আর্জেন্টিনা ও ব্রাজিল থেকে আমদানি করে, যারা বিশ্বের শীর্ষ সয়াবিন তেল উৎপাদক।",0.45,,BCSGK-0432,manual claim-type review required,not_yet_checked,['আর্জেন্টিনা ও ব্রাজিল'],STATED_AS,P4,2026-09-16,static_historical,RA_1,historical/event claim routed to pre-cutoff evidence review,approved,"""বাণিজ্য"" ""আর্জেন্টিনা ও ব্রাজিল"" ""STATED_AS"" pre-2023 official","""বাংলাদেশের সয়াবিন তেল বাজার প্রতিবেদন ২০২৫ অনুযায়ী, বাংলাদেশ সিংহভাগ সয়াবিন তেল আর্জেন্টিনা ও ব্র"" manual review",['বাণিজ্য'],ambiguous,manual_review,needs_clarification,static,static_historical,mediawiki_pre_cutoff_revision_or_official_history,P2,pass,find_pre_cutoff_claim_supporting_snapshot
ট্যারিফ কমিশন বাণিজ্য মন্ত্রণালয়ের অধীন।,0.45,,BCSGK-0435,manual claim-type review required,not_yet_checked,['বাণিজ্য মন্ত্রণালয়'],STATED_AS,P4,2026-09-16,static_historical,RA_1,historical/event claim routed to pre-cutoff evidence review,approved,"""বাণিজ্য"" ""বাণিজ্য মন্ত্রণালয়"" ""STATED_AS"" pre-2023 official","""ট্যারিফ কমিশন বাণিজ্য মন্ত্রণালয়ের অধীন।"" manual review",['বাণিজ্য'],ambiguous,manual_review,needs_clarification,static,static_historical,mediawiki_pre_cutoff_revision_or_official_history,P2,pass,find_pre_cutoff_claim_supporting_snapshot
মধ্যম আয়ের ফাঁদ হলো এমন অবস্থা যেখানে দেশ নিম্ন থেকে মধ্যম আয়ে উঠলেও দীর্ঘদিন আটকে থাকে এবং উচ্চ আয়ে যেতে পারে না। মধ্যম পর্যায়ে সস্তা শ্রম বা পুঁজি বাড়ালে প্রবৃদ্ধি টিকে না; দরকার TFP (মোট উৎপাদনশীলতা) বৃদ্ধি একই সম্পদে বেশি ও ভালো উৎপাদন।,0.45,,BCSGK-0437,manual claim-type review required,not_yet_checked,['পুঁজি বৃদ্ধি সত্ত্বেও মোট উৎপাদনশীলতার (Total Factor Productivity) বৃদ্ধি ধীর গতির হওয়া'],STATED_AS,P4,2026-09-16,dynamic_statistical,RA_1,"numeric, ranking, rate, or economic claim requires reference-period evidence",approved,"""পণ্য আমদানি ও রপ্তানিকরণ"" ""পুঁজি বৃদ্ধি সত্ত্বেও মোট উৎপাদনশীলতার (Total Factor Productivity) বৃদ্ধি ধীর গতির হওয়া"" ""STATED_AS"" pre-2023 official","""মধ্যম আয়ের ফাঁদ হলো এমন অবস্থা যেখানে দেশ নিম্ন থেকে মধ্যম আয়ে উঠলেও দীর্ঘদিন আটকে থাকে এবং উচ্চ আ"" manual review",['পণ্য আমদানি ও রপ্তানিকরণ'],ambiguous,manual_review,needs_clarification,dynamic,dynamic_statistical,bbs_or_official_statistical_report,P2,pass,find_reference_period_and_pre_cutoff_report
"অর্থনৈতিক সমীক্ষা ২০২৫ অনুযায়ী, ২০২৪-২৫ অর্থবছরে বাংলাদেশ সবচেয়ে বেশি আমদানি করেছে চীন থেকে। দ্বিতীয় ও তৃতীয় অবস্থানে আছে যথাক্রমে ভারত ও যুক্তরাষ্ট্র।",0.45,,BCSGK-0440,manual claim-type review required,not_yet_checked,['চীন থেকে'],STATED_AS,P4,2026-09-16,static_historical,RA_1,historical/event claim routed to pre-cutoff evidence review,approved,"""পণ্য আমদানি ও রপ্তানিকরণ"" ""চীন থেকে"" ""STATED_AS"" pre-2023 official","""অর্থনৈতিক সমীক্ষা ২০২৫ অনুযায়ী, ২০২৪-২৫ অর্থবছরে বাংলাদেশ সবচেয়ে বেশি আমদানি করেছে চীন থেকে। দ্বিত"" manual review",['পণ্য আমদানি ও রপ্তানিকরণ'],ambiguous,manual_review,needs_clarification,static,static_historical,mediawiki_pre_cutoff_revision_or_official_history,P2,pass,find_pre_cutoff_claim_supporting_snapshot
"বাংলাদেশের ইতিহাসে মোট ০৫ বার জরুরি অবস্থা জারি করা হয়। ১৯৭৪ সালের ২৮ ডিসেম্বর, ১৯৭৫ সালের ২৫ জুন, ১৯৮১ সালের ৩০ মে, ১৯৮৭ সালের ২৭ নভেম্বর এবং ২০০৭ সালের ১১ জানুয়ারি মোট ৫ বার বাংলাদেশে জরুরি অবস্থা (State of Emergency) জারি করা হয়।",0.45,,BCSGK-0516,manual claim-type review required,not_yet_checked,['৫ বার'],STATED_AS,P4,2026-09-16,static_historical,RA_1,historical/event claim routed to pre-cutoff evidence review,approved,"""রাজনৈতিক দলসমূহের গঠন, ভূমিকা ও কার্যক্রম"" ""৫ বার"" ""STATED_AS"" pre-2023 official","""বাংলাদেশের ইতিহাসে মোট ০৫ বার জরুরি অবস্থা জারি করা হয়। ১৯৭৪ সালের ২৮ ডিসেম্বর, ১৯৭৫ সালের ২৫ জুন, "" manual review","['রাজনৈতিক দলসমূহের গঠন, ভূমিকা ও কার্যক্রম']",ambiguous,manual_review,needs_clarification,static,static_historical,mediawiki_pre_cutoff_revision_or_official_history,P2,pass,find_pre_cutoff_claim_supporting_snapshot
"প্রতিনিধিত্বমূলক গণতন্ত্রে সংখ্যাগরিষ্ঠ দল যখন গণবিরোধী কাজে লিপ্ত না হয়, স্বেচ্ছাচারী ও দুর্নীতিপরায়ণ না হয় সেদিকে খেয়াল রাখে বিরোধী দল। সরকারের দুর্নীতি, দুঃশাসন ও অব্যবস্থাপনা সংসদে তুলে ধরে জনগণকে সচেতন ও প্রতিবাদী করে তোলে বিরোধী দল। তাই বিরোধী দলকে গণতান্ত্রিক শাসনব্যবস্থায় 'বিকল্প সরকার' বলা হয়।",0.45,,BCSGK-0519,manual claim-type review required,not_yet_checked,['বিরোধী দল'],STATED_AS,P4,2026-09-16,dynamic_policy_legal,RA_1,"legal, policy, treaty, or regulatory claim needs dated admissible evidence",approved,"""ক্ষমতাসীন ও বিরোধী দলের পারস্পরিক সম্পর্ক"" ""বিরোধী দল"" ""STATED_AS"" pre-2023 official","""প্রতিনিধিত্বমূলক গণতন্ত্রে সংখ্যাগরিষ্ঠ দল যখন গণবিরোধী কাজে লিপ্ত না হয়, স্বেচ্ছাচারী ও দুর্নীতিপর"" manual review",['ক্ষমতাসীন ও বিরোধী দলের পারস্পরিক সম্পর্ক'],ambiguous,manual_review,needs_clarification,dynamic,dynamic_policy_legal,legal_or_policy_document,P2,pass,find_effective_date_or_gazette
"চাপ সৃষ্টিকারী গোষ্ঠী হচ্ছে এমন এক গোষ্ঠী যার সদস্যগণ সমজাতীয় মনোভাব এবং স্বার্থের দ্বারা আবদ্ধ। Almond ও Powel চাপ সৃষ্টিকারী গোষ্ঠীকে চার ভাগে ভাগ করেছেন। যথা: ১. Institutional Interest Groups, ২. The Associational Interest Groups, ৩. Anomic Interest Groups ও ৪. Non-Associational Interest Groups।",0.45,,BCSGK-0532,manual claim-type review required,not_yet_checked,['৪ ভাগে'],STATED_AS,P4,2026-09-16,dynamic_award_or_membership,RA_1,"membership, award, or recognition claim needs dated official evidence",approved,"""সরকারের ধরন"" ""৪ ভাগে"" ""STATED_AS"" pre-2023 official","""চাপ সৃষ্টিকারী গোষ্ঠী হচ্ছে এমন এক গোষ্ঠী যার সদস্যগণ সমজাতীয় মনোভাব এবং স্বার্থের দ্বারা আবদ্ধ। Al"" manual review",['সরকারের ধরন'],ambiguous,manual_review,needs_clarification,dynamic,dynamic_award_or_membership,official_award_or_membership_record,P3,pass,find_accession_award_or_recognition_date
"সুশীল সমাজ সরকার ও প্রাইভেট সেক্টরের মাঝামাঝি একটি গ্রুপ। এরা সরকার ও প্রাইভেট সেক্টর উভয় ক্ষেত্রেই তাদের প্রভাব বিস্তার করতে পারে। বাংলাদেশের কিছু সুশীল সমাজের উদাহরণ- TIB, সনাক, BLAST, BELA, CDP, সুজন, আসক প্রভৃতি।",0.45,,BCSGK-0533,manual claim-type review required,not_yet_checked,['সুশীল সমাজ'],STATED_AS,P4,2026-09-16,static_historical,RA_1,historical/event claim routed to pre-cutoff evidence review,approved,"""সরকারের ধরন"" ""সুশীল সমাজ"" ""STATED_AS"" pre-2023 official","""সুশীল সমাজ সরকার ও প্রাইভেট সেক্টরের মাঝামাঝি একটি গ্রুপ। এরা সরকার ও প্রাইভেট সেক্টর উভয় ক্ষেত্রেই"" manual review",['সরকারের ধরন'],ambiguous,manual_review,needs_clarification,static,static_historical,mediawiki_pre_cutoff_revision_or_official_history,P2,pass,find_pre_cutoff_claim_supporting_snapshot
অ্যাটর্নি জেনারেল বাংলাদেশের প্রধান আইন কর্মকর্তা।,0.45,,BCSGK-0550,manual claim-type review required,not_yet_checked,['অ্যাটর্নি জেনারেল'],ruled,P4,2026-09-16,dynamic_policy_legal,RA_1,"legal, policy, treaty, or regulatory claim needs dated admissible evidence",approved,"""বাংলাদেশের শাসন বিভাগ"" ""অ্যাটর্নি জেনারেল"" ""ruled"" pre-2023 official","""অ্যাটর্নি জেনারেল বাংলাদেশের প্রধান আইন কর্মকর্তা।"" manual review",['বাংলাদেশের শাসন বিভাগ'],ambiguous,manual_review,needs_clarification,dynamic,dynamic_policy_legal,legal_or_policy_document,P2,pass,find_effective_date_or_gazette
"একজন সরকারপ্রধান, একজন উপদেষ্টা ও ১৩ জন সদস্যের সমন্বয়ে মোট ১৫ জন ব্যক্তি নিয়ে গ্রাম সরকার গঠিত। ৬ এপ্রিল ২০০৯ জাতীয় সংসদে গ্রাম সরকার (রহিতকরণ) বিল পাস হওয়ার মাধ্যমে গ্রাম সরকার ব্যবস্থা বাতিল হয়ে যায়।",0.45,,BCSGK-0555,manual claim-type review required,not_yet_checked,['১৫ জন'],ruled,P4,2026-09-16,dynamic_award_or_membership,RA_1,"membership, award, or recognition claim needs dated official evidence",approved,"""বাংলাদেশের শাসন বিভাগ"" ""১৫ জন"" ""ruled"" pre-2023 official","""একজন সরকারপ্রধান, একজন উপদেষ্টা ও ১৩ জন সদস্যের সমন্বয়ে মোট ১৫ জন ব্যক্তি নিয়ে গ্রাম সরকার গঠিত। ৬"" manual review",['বাংলাদেশের শাসন বিভাগ'],ambiguous,manual_review,needs_clarification,dynamic,dynamic_award_or_membership,official_award_or_membership_record,P3,pass,find_accession_award_or_recognition_date
১৯৭৪ সালে সর্বপ্রথম সাদা পোশাকে স্পেশাল ব্র্যাঞ্চে ১২ জন মহিলা পুলিশ নিয়োগ করা হয়। ইউনিফর্মধারী নারী পুলিশের যাত্রা শুরু হয় ১৯৭৬ সালে। অতঃপর ১৯৭৮ সালে ঢাকা মহানগর পুলিশে মহিলা নিয়োগ করা হয়।,0.45,,BCSGK-0557,manual claim-type review required,not_yet_checked,['১৯৭৪ সালে'],ruled,P4,2026-09-16,dynamic_officeholder,RA_1,office-holder or appointment claim requires valid_from/valid_to evidence,approved,"""বাংলাদেশের শাসন বিভাগ"" ""১৯৭৪ সালে"" ""ruled"" pre-2023 official","""১৯৭৪ সালে সর্বপ্রথম সাদা পোশাকে স্পেশাল ব্র্যাঞ্চে ১২ জন মহিলা পুলিশ নিয়োগ করা হয়। ইউনিফর্মধারী না"" manual review",['বাংলাদেশের শাসন বিভাগ'],ambiguous,manual_review,needs_clarification,dynamic,dynamic_officeholder,official_appointment_or_gazette,P2,pass,find_cutoff_covering_term_interval
মেজর জেনারেল কে এম শফিউল্লাহ ১৯৭৫ সালের ১৫ আগস্ট ভোর রাত পর্যন্ত বাংলাদেশের সেনাবাহিনীর প্রধান ছিলেন।,0.45,,BCSGK-0558,manual claim-type review required,not_yet_checked,['মেজর জেনারেল কে এম শফিউল্লাহ'],ruled,P4,2026-09-16,static_historical,RA_1,historical/event claim routed to pre-cutoff evidence review,approved,"""বাংলাদেশের শাসন বিভাগ"" ""মেজর জেনারেল কে এম শফিউল্লাহ"" ""ruled"" pre-2023 official","""মেজর জেনারেল কে এম শফিউল্লাহ ১৯৭৫ সালের ১৫ আগস্ট ভোর রাত পর্যন্ত বাংলাদেশের সেনাবাহিনীর প্রধান ছিলেন"" manual review",['বাংলাদেশের শাসন বিভাগ'],ambiguous,manual_review,needs_clarification,static,static_historical,mediawiki_pre_cutoff_revision_or_official_history,P2,pass,find_pre_cutoff_claim_supporting_snapshot
"Army Act 1952-এর ১৩৩ ধারা অনুযায়ী, সামরিক আদালত বা কোর্ট মার্শাল কর্তৃক প্রদত্ত কোনো রায়ের বিরুদ্ধে সাধারণত হাইকোর্ট বা সুপ্রিম কোর্টে আপিল করা যায় না।",0.45,,BCSGK-0560,manual claim-type review required,not_yet_checked,['সামরিক আদালত'],STATED_AS,P4,2026-09-16,dynamic_policy_legal,RA_1,"legal, policy, treaty, or regulatory claim needs dated admissible evidence",approved,"""বাংলাদেশের বিচার বিভাগ"" ""সামরিক আদালত"" ""STATED_AS"" pre-2023 official","""Army Act 1952-এর ১৩৩ ধারা অনুযায়ী, সামরিক আদালত বা কোর্ট মার্শাল কর্তৃক প্রদত্ত কোনো রায়ের বিরুদ্ধ"" manual review",['বাংলাদেশের বিচার বিভাগ'],ambiguous,manual_review,needs_clarification,dynamic,dynamic_policy_legal,legal_or_policy_document,P2,pass,find_effective_date_or_gazette
"বাংলাদেশ সংবিধানের রক্ষাকর্তা বাংলাদেশ সুপ্রিম কোর্ট। সুপ্রিম কোর্টকে সংবিধানের রক্ষক, অভিভাবক ও ব্যাখ্যাকারী হিসেবে অভিহিত করা হয়।",0.45,,BCSGK-0561,manual claim-type review required,not_yet_checked,['বাংলাদেশ সুপ্রিম কোর্ট'],STATED_AS,P4,2026-09-16,dynamic_policy_legal,RA_1,"legal, policy, treaty, or regulatory claim needs dated admissible evidence",approved,"""বাংলাদেশের বিচার বিভাগ"" ""বাংলাদেশ সুপ্রিম কোর্ট"" ""STATED_AS"" pre-2023 official","""বাংলাদেশ সংবিধানের রক্ষাকর্তা বাংলাদেশ সুপ্রিম কোর্ট। সুপ্রিম কোর্টকে সংবিধানের রক্ষক, অভিভাবক ও ব্য"" manual review",['বাংলাদেশের বিচার বিভাগ'],ambiguous,manual_review,needs_clarification,dynamic,dynamic_policy_legal,legal_or_policy_document,P2,pass,find_effective_date_or_gazette
"আইনটি জাতীয় সংসদে পাস হয় ৯ এপ্রিল, ২০০২ সালে।",0.45,,BCSGK-0570,manual claim-type review required,not_yet_checked,"['৯ এপ্রিল, ২০০২']",occurred_on,P4,2026-09-16,dynamic_policy_legal,RA_1,"legal, policy, treaty, or regulatory claim needs dated admissible evidence",approved,"""আইন প্রণয়ন ও নীতি নির্ধারণ"" ""৯ এপ্রিল, ২০০২"" ""occurred_on"" pre-2023 official","""আইনটি জাতীয় সংসদে পাস হয় ৯ এপ্রিল, ২০০২ সালে।"" manual review",['আইন প্রণয়ন ও নীতি নির্ধারণ'],ambiguous,manual_review,needs_clarification,dynamic,dynamic_policy_legal,legal_or_policy_document,P2,pass,find_effective_date_or_gazette
উল্লিখিত অপশনগুলোর মধ্যে একমাত্র পটুয়াখালীতেই রেল যোগাযোগ নেই। বাকি জেলাগুলোতে রেল সংযোগ স্থাপিত হয়েছে।,0.45,,BCSGK-0573,manual claim-type review required,not_yet_checked,['পটুয়াখালী'],ruled,P4,2026-09-16,static_geographic,RA_1,geographic claim can be routed to pre-cutoff snapshot evidence,approved,"""প্রশাসনিক ব্যবস্থাপনা কাঠামো, পুনর্বিন্যাস ও সংস্কার"" ""পটুয়াখালী"" ""ruled"" pre-2023 official","""উল্লিখিত অপশনগুলোর মধ্যে একমাত্র পটুয়াখালীতেই রেল যোগাযোগ নেই। বাকি জেলাগুলোতে রেল সংযোগ স্থাপিত হয"" manual review","['প্রশাসনিক ব্যবস্থাপনা কাঠামো, পুনর্বিন্যাস ও সংস্কার']",ambiguous,manual_review,needs_clarification,static,static_geographic,mediawiki_pre_cutoff_revision_or_official_geography,P1,pass,find_pre_cutoff_claim_supporting_snapshot
পার্বত্য চট্টগ্রাম শান্তিচুক্তি (১৯৯৭) বাংলাদেশ সরকার ও পার্বত্য চট্টগ্রাম জনসংহতি সমিতি (PCJSS) এর মধ্যে স্বাক্ষরিত একটি আনুষ্ঠানিক চুক্তি। ১৯৯৭ সালে ২ ডিসেম্বর এই চুক্তি স্বাক্ষরিত হয়েছিল।,0.45,,BCSGK-0575,manual claim-type review required,not_yet_checked,['০২ ডিসেম্বর ১৯৯৭'],ruled,P4,2026-09-16,dynamic_policy_legal,RA_1,"legal, policy, treaty, or regulatory claim needs dated admissible evidence",approved,"""প্রশাসনিক ব্যবস্থাপনা কাঠামো, পুনর্বিন্যাস ও সংস্কার"" ""০২ ডিসেম্বর ১৯৯৭"" ""ruled"" pre-2023 official","""পার্বত্য চট্টগ্রাম শান্তিচুক্তি (১৯৯৭) বাংলাদেশ সরকার ও পার্বত্য চট্টগ্রাম জনসংহতি সমিতি (PCJSS) এর "" manual review","['প্রশাসনিক ব্যবস্থাপনা কাঠামো, পুনর্বিন্যাস ও সংস্কার']",ambiguous,manual_review,needs_clarification,dynamic,dynamic_policy_legal,legal_or_policy_document,P2,pass,find_effective_date_or_gazette
"বাংলাদেশের সিটি কর্পোরেশন ১২টি। সর্বশেষ ময়মনসিংহ সিটি কর্পোরেশন ২ এপ্রিল, ২০১৮ সালে গঠিত হয়।",0.45,,BCSGK-0576,manual claim-type review required,suspected,['ময়মনসিংহ'],ruled,P4,2026-09-16,static_historical,RA_1,historical/event claim routed to pre-cutoff evidence review,approved,"""প্রশাসনিক ব্যবস্থাপনা কাঠামো, পুনর্বিন্যাস ও সংস্কার"" ""ময়মনসিংহ"" ""ruled"" pre-2023 official","""বাংলাদেশের সিটি কর্পোরেশন ১২টি। সর্বশেষ ময়মনসিংহ সিটি কর্পোরেশন ২ এপ্রিল, ২০১৮ সালে গঠিত হয়।"" manual review","['প্রশাসনিক ব্যবস্থাপনা কাঠামো, পুনর্বিন্যাস ও সংস্কার']",ambiguous,manual_review,needs_clarification,static,static_historical,mediawiki_pre_cutoff_revision_or_official_history,P2,pass,find_pre_cutoff_claim_supporting_snapshot
"নাগাল্যান্ড রাজ্যের সাথে বাংলাদেশের কোনো ভূমি সীমানা নেই। বাংলাদেশ ভারতের মোট পাঁচটি রাজ্যের সাথে তার স্থল সীমানা ভাগ করে। রাজ্যগুলো হলো: ১. পশ্চিমবঙ্গ (West Bengal), ২. আসাম (Assam), ৩. মেঘালয় (Meghalaya), ৪. ত্রিপুরা (Tripura) ও ৫. মিজোরাম (Mizoram)।",0.45,,BCSGK-0577,manual claim-type review required,not_yet_checked,['নাগাল্যান্ড'],ruled,P4,2026-09-16,static_historical,RA_1,historical/event claim routed to pre-cutoff evidence review,approved,"""প্রশাসনিক ব্যবস্থাপনা কাঠামো, পুনর্বিন্যাস ও সংস্কার"" ""নাগাল্যান্ড"" ""ruled"" pre-2023 official","""নাগাল্যান্ড রাজ্যের সাথে বাংলাদেশের কোনো ভূমি সীমানা নেই। বাংলাদেশ ভারতের মোট পাঁচটি রাজ্যের সাথে তা"" manual review","['প্রশাসনিক ব্যবস্থাপনা কাঠামো, পুনর্বিন্যাস ও সংস্কার']",ambiguous,manual_review,needs_clarification,static,static_historical,mediawiki_pre_cutoff_revision_or_official_history,P2,pass,find_pre_cutoff_claim_supporting_snapshot
বাংলাদেশের প্রশাসনিক কাঠামো মূলত কেন্দ্রীভূত। কারণ অধিকাংশ সিদ্ধান্ত ও ক্ষমতা কেন্দ্রীয় সরকারের হাতে ন্যস্ত থাকে।,0.45,,BCSGK-0578,manual claim-type review required,not_yet_checked,['কেন্দ্রীভূত'],ruled,P4,2026-09-16,static_historical,RA_1,historical/event claim routed to pre-cutoff evidence review,approved,"""প্রশাসনিক ব্যবস্থাপনা কাঠামো, পুনর্বিন্যাস ও সংস্কার"" ""কেন্দ্রীভূত"" ""ruled"" pre-2023 official","""বাংলাদেশের প্রশাসনিক কাঠামো মূলত কেন্দ্রীভূত। কারণ অধিকাংশ সিদ্ধান্ত ও ক্ষমতা কেন্দ্রীয় সরকারের হাত"" manual review","['প্রশাসনিক ব্যবস্থাপনা কাঠামো, পুনর্বিন্যাস ও সংস্কার']",ambiguous,manual_review,needs_clarification,static,static_historical,mediawiki_pre_cutoff_revision_or_official_history,P2,pass,find_pre_cutoff_claim_supporting_snapshot
মোহাম্মাদ হানিফ ঢাকা সিটি কর্পোরেশনের প্রথম নির্বাচিত মেয়র ছিলেন।,0.45,,BCSGK-0580,manual claim-type review required,not_yet_checked,['মোহাম্মাদ হানিফ'],ruled,P4,2026-09-16,dynamic_award_or_membership,RA_1,"membership, award, or recognition claim needs dated official evidence",approved,"""প্রশাসনিক ব্যবস্থাপনা কাঠামো, পুনর্বিন্যাস ও সংস্কার"" ""মোহাম্মাদ হানিফ"" ""ruled"" pre-2023 official","""মোহাম্মাদ হানিফ ঢাকা সিটি কর্পোরেশনের প্রথম নির্বাচিত মেয়র ছিলেন।"" manual review","['প্রশাসনিক ব্যবস্থাপনা কাঠামো, পুনর্বিন্যাস ও সংস্কার']",ambiguous,manual_review,needs_clarification,dynamic,dynamic_award_or_membership,official_award_or_membership_record,P3,pass,find_accession_award_or_recognition_date
প্রদত্ত অপশনগুলোর মধ্যে সেন্টমার্টিন বাংলাদেশের সবচেয়ে ছোট ইউনিয়ন। টেকনাফ উপকূল থেকে ৯ কিলোমিটার দক্ষিণে অবস্থিত সেন্টমার্টিন বাংলাদেশের একমাত্র প্রবাল দ্বীপ। বাংলাদেশের ক্ষুদ্রতম ইউনিয়ন ভোলা জেলার দৌলতখান উপজেলার হাজীপুর।,0.82,,BCSGK-0584,geographic claim can use a pre-cutoff snapshot,not_yet_checked,['সেন্টমার্টিন'],located_in,P1,2026-09-16,static_geographic,RA_1,geographic claim can be routed to pre-cutoff snapshot evidence,approved,"""প্রশাসনিক ব্যবস্থাপনা কাঠামো, পুনর্বিন্যাস ও সংস্কার"" ""সেন্টমার্টিন"" ""located_in"" pre-2023 official","""প্রদত্ত অপশনগুলোর মধ্যে সেন্টমার্টিন বাংলাদেশের সবচেয়ে ছোট ইউনিয়ন। টেকনাফ উপকূল থেকে ৯ কিলোমিটার দ"" mediawiki pre cutoff revision or official geography","['প্রশাসনিক ব্যবস্থাপনা কাঠামো, পুনর্বিন্যাস ও সংস্কার']",static_geographic,mediawiki_pre_cutoff_revision_or_official_geography,static,static,static_geographic,mediawiki_pre_cutoff_revision_or_official_geography,P1,pass,find_pre_cutoff_claim_supporting_snapshot
"আশির দশকের প্রথমদিকে দেশব্যাপী প্রশাসনিক সংস্কারের অংশ হিসেবে পার্বত্য চট্টগ্রামকে ৩টি স্বতন্ত্র জেলায় বিভক্ত করা হয়। জেলাগুলো হচ্ছে- ১. রাঙামাটি, ২. খাগড়াছড়ি, ৩. বান্দরবান।",0.45,,BCSGK-0585,manual claim-type review required,not_yet_checked,['৩টি'],ruled,P4,2026-09-16,static_geographic,RA_1,geographic claim can be routed to pre-cutoff snapshot evidence,approved,"""প্রশাসনিক ব্যবস্থাপনা কাঠামো, পুনর্বিন্যাস ও সংস্কার"" ""৩টি"" ""ruled"" pre-2023 official","""আশির দশকের প্রথমদিকে দেশব্যাপী প্রশাসনিক সংস্কারের অংশ হিসেবে পার্বত্য চট্টগ্রামকে ৩টি স্বতন্ত্র জেল"" manual review","['প্রশাসনিক ব্যবস্থাপনা কাঠামো, পুনর্বিন্যাস ও সংস্কার']",ambiguous,manual_review,needs_clarification,static,static_geographic,mediawiki_pre_cutoff_revision_or_official_geography,P1,pass,find_pre_cutoff_claim_supporting_snapshot
"২০২২ সালের ৬ষ্ঠ জনশুমারি ও গৃহগণনা প্রতিবেদন অনুযায়ী, বাংলাদেশের গ্রামের সংখ্যা ৮৭৩৯১টি।",0.45,,BCSGK-0586,manual claim-type review required,not_yet_checked,['৮৭৩৯১টি'],ruled,P4,2026-09-16,static_historical,RA_1,historical/event claim routed to pre-cutoff evidence review,approved,"""প্রশাসনিক ব্যবস্থাপনা কাঠামো, পুনর্বিন্যাস ও সংস্কার"" ""৮৭৩৯১টি"" ""ruled"" pre-2023 official","""২০২২ সালের ৬ষ্ঠ জনশুমারি ও গৃহগণনা প্রতিবেদন অনুযায়ী, বাংলাদেশের গ্রামের সংখ্যা ৮৭৩৯১টি।"" manual review","['প্রশাসনিক ব্যবস্থাপনা কাঠামো, পুনর্বিন্যাস ও সংস্কার']",ambiguous,manual_review,needs_clarification,static,static_historical,mediawiki_pre_cutoff_revision_or_official_history,P2,pass,find_pre_cutoff_claim_supporting_snapshot
"ঢাকা বিভাগে মোট ১৩টি জেলা রয়েছে। এগুলো হলো- ঢাকা, গাজীপুর, নারায়ণগঞ্জ, নরসিন্দী, মুন্সিগঞ্জ, মানিকগঞ্জ, টাঙ্গাইল, কিশোরগঞ্জ, মাদারীপুর, ফরিদপুর, শরীয়তপুর, গোপালগঞ্জ ও রাজবাড়ি।",0.45,,BCSGK-0589,manual claim-type review required,not_yet_checked,['১৩টি'],ruled,P4,2026-09-16,static_geographic,RA_1,geographic claim can be routed to pre-cutoff snapshot evidence,approved,"""প্রশাসনিক ব্যবস্থাপনা কাঠামো, পুনর্বিন্যাস ও সংস্কার"" ""১৩টি"" ""ruled"" pre-2023 official","""ঢাকা বিভাগে মোট ১৩টি জেলা রয়েছে। এগুলো হলো- ঢাকা, গাজীপুর, নারায়ণগঞ্জ, নরসিন্দী, মুন্সিগঞ্জ, মানিক"" manual review","['প্রশাসনিক ব্যবস্থাপনা কাঠামো, পুনর্বিন্যাস ও সংস্কার']",ambiguous,manual_review,needs_clarification,static,static_geographic,mediawiki_pre_cutoff_revision_or_official_geography,P1,pass,find_pre_cutoff_claim_supporting_snapshot
স্বাধীনতার পরবর্তী সময়ে প্রায় এক দশক বাংলাদেশের জেলার সংখ্যা ছিল ২০টি। সামরিক শাসক লে. জে. হুসেইন মোহাম্মদ এরশাদ ক্ষমতায় আসার পর প্রশাসনিক কাজে গতিশীলতা আনতে ১৯৮৪ সালে জেলার সংখ্যা ৬৪টিতে উন্নীত করেন।,0.45,,BCSGK-0590,manual claim-type review required,not_yet_checked,['৬৪টি'],ruled,P4,2026-09-16,static_geographic,RA_1,geographic claim can be routed to pre-cutoff snapshot evidence,approved,"""প্রশাসনিক ব্যবস্থাপনা কাঠামো, পুনর্বিন্যাস ও সংস্কার"" ""৬৪টি"" ""ruled"" pre-2023 official","""স্বাধীনতার পরবর্তী সময়ে প্রায় এক দশক বাংলাদেশের জেলার সংখ্যা ছিল ২০টি। সামরিক শাসক লে. জে. হুসেইন "" manual review","['প্রশাসনিক ব্যবস্থাপনা কাঠামো, পুনর্বিন্যাস ও সংস্কার']",ambiguous,manual_review,needs_clarification,static,static_geographic,mediawiki_pre_cutoff_revision_or_official_geography,P1,pass,find_pre_cutoff_claim_supporting_snapshot
ICCPR এর পূর্ণরূপ International Covenant on Civil and Political Rights। এটি জাতিসংঘ সাধারণ পরিষদ কর্তৃক ১৯৬৬ সালে গৃহীত ও স্বাক্ষরের জন্য উন্মুক্ত করা হয় এবং প্রয়োজনীয় সংখ্যক রাষ্ট্রপক্ষের অনুশাসনের মধ্য দিয়ে ১৯৭৬ সালে কার্যকরিতা লাভ করে।,0.45,,BCSGK-0592,manual claim-type review required,not_yet_checked,['International Covenant on Civil and Political Rights'],STATED_AS,P4,2026-09-16,static_historical,RA_1,historical/event claim routed to pre-cutoff evidence review,approved,"""জাতীয় অর্জন"" ""International Covenant on Civil and Political Rights"" ""STATED_AS"" pre-2023 official","""ICCPR এর পূর্ণরূপ International Covenant on Civil and Political Rights। এটি জাতিসংঘ সাধারণ পরিষদ কর্"" manual review",['জাতীয় অর্জন'],ambiguous,manual_review,needs_clarification,static,static_historical,mediawiki_pre_cutoff_revision_or_official_history,P2,pass,find_pre_cutoff_claim_supporting_snapshot
ওয়াসফিয়া নাজরীন বাংলাদেশের কনিষ্ঠ এবং ২য় নারী হিসেবে ২০১২ সালের ২৬ মে সর্বোচ্চ শৃঙ্গ এভারেস্টের চূড়ায় আরোহণ করেন।,0.45,,BCSGK-0593,manual claim-type review required,not_yet_checked,['এভারেস্টজয়ী হিসেবে'],STATED_AS,P4,2026-09-16,static_historical,RA_1,historical/event claim routed to pre-cutoff evidence review,approved,"""জাতীয় অর্জন"" ""এভারেস্টজয়ী হিসেবে"" ""STATED_AS"" pre-2023 official","""ওয়াসফিয়া নাজরীন বাংলাদেশের কনিষ্ঠ এবং ২য় নারী হিসেবে ২০১২ সালের ২৬ মে সর্বোচ্চ শৃঙ্গ এভারেস্টের চ"" manual review",['জাতীয় অর্জন'],ambiguous,manual_review,needs_clarification,static,static_historical,mediawiki_pre_cutoff_revision_or_official_history,P2,pass,find_pre_cutoff_claim_supporting_snapshot
"বিশ্বব্যাংকের হিসাবে মাথাপিছু আয় ১০৪৬-১২৭৩৬ ডলার পর্যন্ত সবাই মধ্যম আয়ের দেশ। ১ জুলাই, ২০১৫ বাংলাদেশের মাথাপিছু আয় এই নিম্নসীমা অতিক্রম করায় বিশ্বব্যাংক বাংলাদেশকে নিম্ন মধ্যম আয়ের দেশ হিসেবে তালিকাভুক্ত করে।",0.45,,BCSGK-0596,manual claim-type review required,not_yet_checked,['১ জুলাই ২০১৫'],occurred_on,P4,2026-09-16,dynamic_statistical,RA_1,"numeric, ranking, rate, or economic claim requires reference-period evidence",approved,"""জাতীয় অর্জন"" ""১ জুলাই ২০১৫"" ""occurred_on"" pre-2023 official","""বিশ্বব্যাংকের হিসাবে মাথাপিছু আয় ১০৪৬-১২৭৩৬ ডলার পর্যন্ত সবাই মধ্যম আয়ের দেশ। ১ জুলাই, ২০১৫ বাংলাদ"" manual review",['জাতীয় অর্জন'],ambiguous,manual_review,needs_clarification,dynamic,dynamic_statistical,bbs_or_official_statistical_report,P2,pass,find_reference_period_and_pre_cutoff_report
বাংলাদেশ একটি গণপ্রজাতান্ত্রিক ও এককেন্দ্রিক রাষ্ট্র। এই রাষ্ট্রের সকল ক্ষমতার মালিক জনগণ। বাংলাদেশের সরকার ব্যবস্থা সংসদীয় পদ্ধতির।,0.45,,BCSGK-0597,manual claim-type review required,not_yet_checked,['এককেন্দ্রিক'],STATED_AS,P4,2026-09-16,static_historical,RA_1,historical/event claim routed to pre-cutoff evidence review,approved,"""সরকারের ধরন"" ""এককেন্দ্রিক"" ""STATED_AS"" pre-2023 official","""বাংলাদেশ একটি গণপ্রজাতান্ত্রিক ও এককেন্দ্রিক রাষ্ট্র। এই রাষ্ট্রের সকল ক্ষমতার মালিক জনগণ। বাংলাদেশে"" manual review",['সরকারের ধরন'],ambiguous,manual_review,needs_clarification,static,static_historical,mediawiki_pre_cutoff_revision_or_official_history,P2,pass,find_pre_cutoff_claim_supporting_snapshot
